Üniversite Kütüphanesi Chatbot'una Sorulabilecek Sorular,Cevap,,,,,,,,,,,,,,,,,,,,,,,,
1. Kütüphane bugün saat kaça kadar açık?,Mustafa İnan Merkez Kütüphanesi Resmi Tatiller dışında 7/24 açıktır.,,,,,,,,,,,,,,,,,,,,,,,,
2. Hafta sonu çalışma saatleriniz nedir?,Mustafa İnan Merkez Kütüphanesi Resmi Tatiller dışında 7/24 açıktır.,,,,,,,,,,,,,,,,,,,,,,,,
3. Resmi tatillerde kütüphane açık mı?,Resmi Tatil süresince kütüphanelerimiz kapalıdır.,,,,,,,,,,,,,,,,,,,,,,,,
27. Scopus veya Web of Science'a nasıl erişebilirim?,"Doğrudan bu https://kutuphane.itu.edu.tr/arastirma/veritabanlari linkten veritabanlarına ulaşıp, bu veritabanları içerisinden Scopus veya Web of Science'a ulaşabilirsiniz. Ya da kütüphane anasayfasındaki ""Tarıyorum"" arama çubuğun hemen altındaki ""veritabanları"" linkine tıklıyarak Scopus veya Web of Science'a ulaşabilirsiniz.",,,,,,,,,,,,,,,,,,,,,,,,
28. Kampüs dışından veritabanlarına nasıl bağlanabilirim? (Proxy/VPN ayarları),,,,,,,,,,,,,,,,,,,,,,,,,
29. Belirli bir makaleye tam metin olarak nasıl ulaşırım?,"29. Belirli bir makaleye tam metin olarak nasıl ulaşırım?

Kütüphane Kaynakları:
""Tam metin olarak ulaşmak istediğiniz makalenin kütüphane anasayfasındaki ""Tarıyorum"" arama çubuğuna ismini yazınız, ya da aramak istediğiniz makalenin konusunu yazınız ve aramayı başlatınız. Ortaya çıkan sonuçlardan, aradığınız makaleye ulaşım seçeneklerine göre ya makaleyi doğrudan indirebilir ya da yönlendirme linkine tıklayarak makalenin bulunduğu veritabanına yönlendirilerek makaleyi indirebilirsiniz."" 

Veritabanları: Kütüphanenin abone olduğu veritabanlarını kullanarak makaleyi arayabilirsiniz. Bu veritabanları genellikle akademik dergilerde yayımlanan makalelere erişim sağlar.
Google Scholar: Google Scholar üzerinden makale başlığını veya yazar adını arayarak makalenin tam metnine ulaşabilirsiniz. Eğer makale açık erişimliyse, doğrudan erişim sağlayabilirsiniz.
Açık Erişim Dergiler: Eğer makale açık erişim bir dergide yayımlanmışsa, derginin web sitesinden ücretsiz olarak erişebilirsiniz.
Araştırmacı İletişimi: Makalenin yazarlarıyla iletişime geçerek, makalenin bir kopyasını talep edebilirsiniz.
Kütüphane Destek: Kütüphane personelinden yardım alarak, makaleye nasıl ulaşabileceğiniz konusunda destek isteyebilirsiniz.
Eğer belirli bir veritabanı veya platform üzerinden erişim sağlamak istiyorsanız, kütüphanenizin web sitesinde yer alan rehberleri inceleyebilir veya doğrudan kütüphane ile iletişime geçebilirsiniz. ",,,,,,,,,,,,,,,,,,,,,,,,
35. Bir literatür taramasını nasıl yapmalıyım?,"Literatür taraması yapmak, araştırma sürecinin önemli bir parçasıdır ve aşağıdaki adımları izleyerek etkili bir literatür taraması gerçekleştirebilirsiniz:

Adım 1: Araştırma Konusunu Belirleme
Konu Seçimi: Araştırmak istediğiniz konuyu net bir şekilde belirleyin. Bu, literatür taramanızın odak noktasını oluşturacaktır.
Adım 2: Anahtar Kelimeleri Belirleme
Anahtar Kelimeler: Konunuzla ilgili anahtar kelimeleri ve terimleri belirleyin. Bu kelimeler, literatür taramanızda kullanacağınız arama terimleri olacaktır.
Adım 3: Kaynakları Seçme
Veritabanları ve Kütüphane Kaynakları: Üniversitenizin kütüphanesi tarafından sağlanan veritabanları ve kaynakları kullanarak arama yapın. Scopus, Web of Science, EBSCO gibi veritabanları genellikle akademik makalelere erişim sağlar.
Adım 4: Arama Yapma
Arama Stratejisi: Anahtar kelimeleri kullanarak veritabanlarında arama yapın. Boolean operatörleri (AND, OR, NOT) kullanarak aramalarınızı daraltabilir veya genişletebilirsiniz.
Adım 5: Kaynakları Değerlendirme
Özet ve Tam Metin İnceleme: Bulduğunuz kaynakların özetlerini okuyarak konunuzla ilgili olup olmadığını değerlendirin. İlgili kaynakların tam metinlerini inceleyin.
Adım 6: Bilgileri Organize Etme
Not Alma ve Referans Yönetimi: Okuduğunuz makalelerden önemli bilgileri not alın ve referans yönetim araçları (Mendeley, EndNote gibi) kullanarak kaynaklarınızı organize edin.
Adım 7: Analiz ve Yazım
Analiz: Topladığınız bilgileri analiz ederek, araştırma sorularınıza yanıt bulmaya çalışın.
Yazım: Literatür taramanızı yazılı hale getirerek, bulgularınızı ve analizlerinizi sunun.
Bu adımlar, etkili bir literatür taraması yapmanıza yardımcı olabilir. Eğer daha fazla bilgi veya rehberlik isterseniz, kütüphane personelinden destek alabilirsiniz. 😊",,,,,,,,,,,,,,,,,,,,,,,,
"36. Atıf yönetimi araçları (Mendeley, Zotero, EndNote) için destek veriyor musunuz?"," ""Mendeley Reference Manager (Institutional Edition )
Açıklamalar
Mendeley Institutional Edition bir referans yönetim yazılımı ve bir akademik sosyal ağdır. Mendeley ile araştırma yapabilir, çalışmalarınızı sergileyebilir ve dünya genelinde beş milyondan fazla Mendeley kullanıcısı ile kendi alanınızda bağlantı ve işbirliği yapabilirsiniz.


Mendeley için öncelikle;

1.https://www.mendeley.com/ adresinden “create  a free account” ile bir hesap oluşturulması gerekmektedir. Not: herhangi uzantılı e-mail ile ücretsiz hesap oluşturulabilir 


2. Masaüstü için ;  https://www.mendeley.com/ alanında işletim sistemine uygun ; Mac, Windows, Linux, Android indirilir.

Masaüstü uygulaması  Web uygulaması ile senkronize çalışmaktadır.

5 GB kişisel kütüphane alanı,  20 GB  kütüphane paylaşım alanı , 25 kişilik ve sınırsız grup oluşturma gibi imkanlar.

Mendeley Kurumsal Versiyon (MIE) IP Bazlı Yeni Sistem Bilinmesi Gerekenler

• Kurum kullanıcıları özel (gmail, yahoo vs) veya kurumsal e-posta (edu.tr) adresleri ile kurum IP aralığı içerisindeyken Mendeley hesaplarına bir kere giriş yaptıklarında MIE hesap yükseltmesi ve MIE Kurumsal Sayfa üyeliği otomatik bir şekilde gerçekleşecektir.

• Sonrasında kurum içi veya dışında her yerden giriş yaptıklarında, MIE avantajlarından yararlanabileceklerdir.

• MIE hesabının aktivasyonunun devamlılığı için, kullanıcının 12 ay dolmadan en az bir kere kurum IP sistemi içerisinde giriş yapması yeterlidir.

• MIE aktivasyon süresi dolmadan 10 gün önce kullanıcılara e-posta ile uyarı gelecektir.

YENİ MIE KULLANICILARI

Mendeley Kurumsal Versiyon (MIE) IP Bazlı Yeni Sistem Bilinmesi Gerekenler


• Halihazırda Mendeley Kurumsal Sürüm tanımlaması yapılmış kullanıcılar 12 aya kadar herhangi bir işlem yapmadan avantajlardan yararlanmaya devam edeceklerdir.

• MIE hesabının aktivasyonunun devamlılığı için kullanıcının, 12 ay dolmadan en az bir kere kurum IP sistemi içerisinde giriş yapması yeterlidir.

• MIE aktivasyon süresi dolmadan 10 gün önce kullanıcılara e-posta ile uyarı gelecektir.

REFERANS YONETİMİ


• Referansları organize ederek verimliliği arttırır.

• Verinizi güvenle depolar.

• Kolayca organize edin okuyun referans verin.

• Tek tıkla atıf ve kaynakça oluşturma.

• Etkin akademik yazımı destekler

• Her yerden her an ulaşın.

• Çevrim dışı okuma, not alma ve altını çizme.

• Takım arkadaşları veya diğer iş birliği ortakları ile notların  paylaşımı.

İŞBİRLİĞİ ve GÖRÜNÜRLÜK

• Araştırmalarınızı görünür kılın ve paylaşın.

• Araştırmacı profillerini görünür kılar.

• İşbirliği ve iletişim ağlarınızı genişletin.

• Araştırmacı işbirliğine olanak sağlar.


• Bilgi paylaşımını destekler.

Eğitim Sayfaları
Mendeley Türkçe online eğitim videosuna buradan erişip, kayıt sonrası 7/24 ve her yerden izleyebilirsiniz.

• MIE ile ilgili daha fazla bilgi ve materyaller (İngilizce): https://www.elsevier.com/solutions/men deley/support

Genel MENDELEY: https://www.youtube.com/user/MendeleyResearch https://www.elsevier.com/solutions/mendeley/support/webinars https://blog.mendeley.com/ http://community.mendeley.com/guides https://service.elsevier.com/app/home/supporthub/mendeley/ http://feedback.mendeley.com

Mendeley ile Kolay Atıf/Referans Yönetimi (Yeni araclar: MRW & Mendeley Cite Demo) 

https://www.youtube.com/watch?v=5TeZGGcTEkk&list=PLSeDSb25IGc-o_ERmQ1Ceu7pmBzj8CvnQ&index=3

Mendeley ile Kolay Atıf/Referans Yönetimi (Mendeley Web & Mendeley Cite Demo) 

https://www.youtube.com/watch?v=HOfSnLQW7oI&list=PLSeDSb25IGc-o_ERmQ1Ceu7pmBzj8CvnQ&index=5

Mendeley Soru&Cevap (Yeni Kullanıcılar)

https://www.youtube.com/watch?v=2dWCReSmJuk&list=PLSeDSb25IGc-o_ERmQ1Ceu7pmBzj8CvnQ&index=3""",,,,,,,,,,,,,,,,,,,,,,,,
37. Makalemin intihal oranını kontrol edebileceğim bir program var mı?,"""Turnitin öğrenci ödev/tez/akademik yayın çalışmalarınızdaki benzerlikleri ve/veya kopyayı tespit amaçlı üretilmiş bir yazılımdır. 2018 yılı itibariyle TÜBİTAK ULAKBİM EKUAL aboneliği kapsamına alınarak ülkemizdeki tüm üniversitelerin hizmetine açılmıştır.

20.02.2025 Tarihli İTÜ Turnitin Eğitim Kaydı


Turnitin belge analizini yaparken büyük veritabanları taramaktadır. Bunlar; 337+ milyon öğrenci ödevi ve toplamda 620 milyondan fazla doküman  110,000+ dergi & kitap ve toplamda 157 milyondan fazla yayın 62+ milyar güncel ve arşivlenmiş web sayfası

Tez kontrolü için hesap sahipleri tez danışmanları olan akademisyenler olarak belirlenmiştir. Bu hesaplar veritabanında öğretmen (instructor) hesapları olarak adlandırılmaktadır.

Hesap açımı için akademisyenlerimizin aşağıdaki admin hesaplarına Ad/Soyad, akademik statü ve bölüm bilgilerini içeren bir e-posta göndermeleri gerekmektedir.

İTÜ Admin:

Burcu Bulut bulutburcu@itu.edu.tr --Hesap Yöneticisi   



Kullanıcı Şifresi Oluşturma:
* Aşağıdaki linki kullanarak şifrenizi oluşturabilirsiniz.
* Şifre sıfırlama alanında mail adresinizi ve aile adınızı (soyadınızı) istenir; bunun için soyadınızı İngilizce karakterlerle ve ilk harfi büyük olacak şekilde girmeniz gerekmektedir.

LINK: https://turnitin.com/password_reset1.asp?r=59.5863636261615&svr=329&lang=tr&

Kullanıcı bilgilerinizle bu adresten http://turnitin.com/tr/ Turnitin hesabınıza giriş yapabilirsiniz.

29 Kasım 2023 tarihi itibariyle, Turnitin'de bir belge yüklemek için, o sınıfa, öğrenci kaydedilmesi ve öğrencinin adına yükleme yapılması gerekmektedir. Turnitin'in bu özelliğe dair resmi duyurusunu, bu linkte bulabilirsiniz.

Söz konusu tezler olduğunda, öğrencilerin kaydını Turnitin üzerinde gerçekleştiriniz ve öğrencilerin adına yükleme yapınız. 

Öte yandan, ""Hızlı Gönder"", alternatif bir yükleme metodu olarak kullanılabilir, ancak belgeyi yüklemeye doğru giderken, ""depo yok"" seçimi yapmanız önem taşımaktadır. ""Hızlı Gönder"" özelliği ile ayrıntılı bilgiyi aşağıdaki linklerde bulabilirsiniz:

Öğretmen hesabınızda ""Hızlı Gönder"" özelliğini aktif etme (kısa video)

Hızlı Gönder özelliğini aktif etme (yardım sayfası)

Hızlı Gönder özelliği ile yükleme yapma (yardım sayfası)

TURNITIN'E TEZ YÜKLEME

AKADEMİSYEN:

1- Hesabınıza giriş yapıp ""sınıf"" oluşturunuz.
2- Ardından oluşturduğunuz sınıfa ""ödev"" ekleyiniz.
3- İsteğe bağlı ayarlar'a mutlaka tıklayınız.Burada ödev ayarlarınızı belirleyiniz.
   İsteğe bağlı ayarlar'da dikkat edilmesi gerekenler:
 * Öğrenci gönderimlerinin Orjinallik raporlarını oluştur seçeneğini ""Hemen Oluştur"" olarak seçiniz.
 * Depo seçeneğinin ""DEPO YOK"" olarak seçilmesi gerekmektedir.
4- Ödev klasörünüze dokümanınızı yüklemek için Daha fazla işlemler'den ---> Gönder'e tıklanır.
   * Yazar adı ve tez adı girilir.
   * Dokümanınızı sisteme yükleyiniz ve ardından gönderinizi onaylayınız.



ÖĞRENCİ:

Adım 1

 Kayıt olmak ve bir kullanıcı profili oluşturmak için www.turnitin.com adresine gidiniz ve açılır menüden dil seçiminizi yapınız.

 Anasayfada bulunan ""Hesap Oluştur"" bağlantısına tıklayınız, Kullanıcı Profili Oluşturma sayfası açılacaktır.

 ""Öğrenci"" bağlantısına tıklayınız. Yeni kullanıcı formundaki gerekli alanları doldurunuz. Bir profil oluşturmak için, bir Sınıf Numarası ve bir Kayıt Şifresi ’ne sahip olmanız gerekmektedir. Öğretmeninizden bu bilgileri edinebilirsiniz.

 Profilinizi oluşturduğunuzda, Turnitin’ e giriş yapmak için ""Kabul Ediyorum"" düğmesine tıklayınız.

Adım 2 – Öğrenci Anasayfası

 Sınıfınız, Öğrenci Anasayfanız ’da belirecektir. Sınıf portföyünüzü açmak için sınıfınızın adına tıklayınız.

Adım 3 – Sınıf Portföyü

 Sınıf Portföyünüz, öğretmeninizin oluşturduğu ödevleri ve sizin gönderimlerinizi gösterir.

Adım 4 – Ödev Gönderimi

 Ödev göndermek için, ödevin yanında bulunan ""Gönder"" düğmesine tıklayınız.

 Ödev gönderim sayfası açılacaktır. Ödeviniz için bir başlık giriniz. Göndereceğiniz ödevi seçmek için, gözat düğmesine tıklayınız ve göndermek istediğiniz belgeyi bilgisayarınızda bulunuz. Şu formatlarda gönderim kabul etmekteyiz:

 MS Word, Word Perfect, RTF, PDF, PostScript, HTML, plain text (.txt), ODT

 Ödeviniz için bir başlık girdikten ve göndermek istediğiniz dosyayı seçtikten sonra, ""Yükle"" yi tıklayarak yüklemeyi gerçekleştiriniz.

 Eğer ödeviniz kabul etmediğimiz bir formatta ise, ödevinizi, kesip yapıştırarak gönderebilirsiniz. Bu yolla göndermek için, formun üst kısmında yer alan açılır menüyü kullanarak Kes & Yapıştır yüklemesi' ni seçiniz.

 Ödevinizin metnini bir word işlemcisi programdan kopyalayınız ve gönderim formunun metin kutusuna yapıştırınız. Eğer ödevinizi kes yapıştır metodu ile gönderiyorsanız, sonraki adımı geçebilirsiniz.

 Eğer ödev, her türde dosyayı kabul edecek şekilde ayarlanmışsa, öğrenciler ödeve herhangi bir dosya türü yükleyebilir.

Adım 5 – Ödev Gönderim Onayı

 Göndermek için seçtiğiniz ödevin önizlemesini göreceksiniz. Tüm bilgileri kontrol ediniz ve doğruluklarından emin olunuz. Gönderimi onaylamak için ""Gönder"" düğmesine tıklayınız.

 Gönderiminizi onayladıktan yaptıktan sonra dijital bir makbuz gösterilecektir. Makbuzun bir kopyası e-postanıza gönderilecektir. Portföyünüze dönmek ve gönderiminizi görüntülemek için ""Portföye Git"" düğmesine tıklayınız.

Adım 6 – Orijinallik Raporu Görüntüleme

 Orijinallik Raporunuzu görüntülemek için, ödevinizin sağında bulunan ""Detayları Göster"" bağlantısına tıklayınız. Orijinallik Raporuikonuna tıklayınız. Not: Silik rapor ikonu, raporun henüz oluşturulmadığını gösterir. Lütfen birkaç dakika bekleyiniz ve tarayıcınızın yenile düğmesine tıklayınız.

 Öğrenciler, kendi Orijinallik Raporlarını göremezler. Eğer portföyünüzde Orijinallik Raporu ikonu yerine ""Erişilebilir Değil"" ifadesini görüyorsanız, öğretmeniniz, bu ödevin Orijinallik Raporunun öğrenciler tarafından görüntülenebilmesini devre dışı bırakmış demektir.


 Eğer raporunuzu görüntülemek istiyorsanız öğretmeniniz ile iletişime geçiniz.


Sistemden Benzerlik Raporunun Alınması:
1- Ödev klasörünüzde sisteme yüklediğiniz dokümanı göreceksiniz.Benzerlik sütununda "" -- "" işaretini görüyorsanız orana dönüşene kadar bekleyiniz. İşlemin devam ettiğini gösterir.
2- Rapor oluştuğunda benzerlik oranına tıklayarak benzerlik raporunuzu görüntüleyiniz.
3- Benzerlik bulunan bölümler, benzerlik kaynakları incelenip raporun değerlendirilmesi tez danışmanları tarafından yapılır.
4- Raporda aşağı ok şeklindeki butona tıklanır. ""Mevcut görünüm"" olarak raporunuzu cihazınıza indirebilirsiniz.
5- İndirdiğiniz raporun sonunda ""Orjinallik Raporu"" yeralır. Burada benzerlik oranlarını ve benzerlik kaynaklarının listesini görebilirsiniz.

BENZERLİK RAPORUNU GÖRÜNTÜLEME: Sisteme yüklenen belgenin uzunluğuna bağlı olarak ortalama 5 ile 45 dk. içerisinde benzerlik raporu oluşmaktadır. Benzerlik oranı görünür olduğunda oran üzerine tıklanarak rapora giriş yapılmaktadır. Raporun içindeyken sağ menüde ye alan İNDİR (AŞAĞI OK şeklindeki simge) düğmesine basıldığında MEVCUT GÖRÜNÜM seçeneği tıklanarak benzerlik raporu PDF  dosyası şeklinde indirilmekte ve kaydedilebilmektedir.  BENZERLİK ORANI PDF'in SONUNDA YER ALMAKTADIR .



KULLANIMA DAİR ÖNEMLİ NOTLAR:

Doküman yüklendikten sonra rapor otomatik hazırlanmaya başlar, bir süre beklediniz ve halen benzerlik oranı oluşmamış ise sayfayı F5 ile tazelemenizi tavsiye ederiz.

ÖĞRENCİLER BENZERLİK ORANINI NASIL GÖREBİLİR ?Tez Danışmanları Turnitin hesaplarından ilgili adımlar olan; Daha Fazla İşlem, Ayarları Düzenle, İsteğe Bağlı Ayarlar  Öğrencilerin Benzerlik Raporlarını Görmelerine İzin Verilsin mi? sorusuna cevap olarak EVET seçmeleri halinde ödev sahipleri rapor oranını görebilir.

Dosya Boyutu 40 MB'dan büyük olmamalıdır. Dosya boyutunu küçültmek için yazı karakterini en küçük 9 puntoya kadar düşürebilirsiniz. 

Max. 400 sayfaya kadar olan bir tez tek seferde sisteme yüklenebilir. Sayfa uzunluğu 400 sayfayı aşan fazla tezleri ise bölerek sisteme yükleyebilirsiniz. 

Ödev Eklerken Dikkat Edilmesi Gereken Hususlar

Öğretmenler için kullanım kılavuzu

Öğrenciler için kullanım kılavuzu

Yazılı ödev silme kılavuzu

İNGİLİZCE METİNLERDE YAPAY ZEKA DESTEĞİ İLE KONTROL SAĞLAMA

1) Metin, İngilizce olmalıdır.
2) Metin, 4 Nisan 2023 tarihinden sonra yüklenmiş olmalıdır.
3) Dosya boyutu, 100 MB'tan küçük olmalıdır.
4) Dosyada en az 300 kelimelik uzun yazı formatında metin bulunmalıdır.
5) Dosyalar 15.000 kelimeyi geçmemelidir. 15.000 kelimeyi aşan belgeler, parçalar halinde yüklenebilir ve AI sonucu alınabilir.
6) Kabul edilen dosya türleri: .docx, .pdf, .txt, .rtf

Yukarıdaki koşulları sağlamazsa, İngilizce metinlerde de gri renkle 2 küçük çizgi çıkabilir ve ""unavailable"" uyarısı verebilir.
Turnitin kullanan ve İngilizce ödevlerle uğraşan hocalarımızın, AI indicator aracımız ile ilgili bu sayfayı ayrıntılı okumalarını tavsiye ederiz. Bu sayfada, aracımızın %98 güvenilir olduğunu, ancak düşük olasılıklı ""false positives"" durumlarının ortaya çıkabileceğini zaten açıkça belirtmekteyiz: https://www.turnitin.com/products/features/ai-writing-detection/faq

""False positives"" ile ilgili önerilerimizin yer aldığı blog yazıları da faydalı olabilir: 
1) https://www.turnitin.com/blog/understanding-false-positives-within-our-ai-writing-detection-capabilities
2) https://www.turnitin.com/papers/academic-integrity-in-the-age-of-ai-handling-false-positives-for-students"" ",,,,,,,,,,,,,,,,,,,,,,,,
38. Alanımla ilgili konu uzmanı kütüphaneci (subject librarian) kimdir?,"Kütüphane girişte sağ taraftaki danışma masasında bulunan referans kütüphanecileri, alanınızla ilgili araştırma sorularınız konusunda siz yarıdmcı olacaktır",,,,,,,,,,,,,,,,,,,,,,,,
39. Araştırma verilerimi yönetmek için en iyi pratikler nelerdir?,"Araştırma verilerinizi etkili bir şekilde yönetmek, araştırma sürecinizin başarısı için kritik öneme sahiptir. İşte araştırma verilerinizi yönetmek için en iyi pratikler:

1. Veri Planlaması
Veri Yönetim Planı (DMP): Araştırmanızın başında bir veri yönetim planı oluşturun. Bu plan, verilerin nasıl toplanacağı, saklanacağı, analiz edileceği ve paylaşılacağı hakkında detaylar içermelidir.
2. Veri Toplama
Standartlaştırma: Verilerinizi toplarken standart yöntemler kullanın. Bu, verilerin tutarlılığını ve kalitesini artırır.
Dokümantasyon: Topladığınız verileri detaylı bir şekilde belgeleyin. Bu, verilerinizi daha sonra anlamanızı ve başkalarıyla paylaşmanızı kolaylaştırır.
3. Veri Saklama
Güvenli Saklama: Verilerinizi güvenli bir şekilde saklayın. Şifreleme ve yedekleme gibi yöntemlerle veri güvenliğini sağlayın.
Organizasyon: Verilerinizi düzenli bir şekilde organize edin. Dosya isimlendirme kuralları ve klasör yapıları kullanarak verilerinizi kolayca erişilebilir hale getirin.
4. Veri Analizi
Yazılım ve Araçlar: Verilerinizi analiz etmek için uygun yazılım ve araçları kullanın. Bu araçlar, verilerinizi daha etkili bir şekilde işlemeye yardımcı olabilir.
5. Veri Paylaşımı
Açık Erişim: Mümkünse verilerinizi açık erişim platformlarında paylaşın. Bu, araştırmanızın görünürlüğünü artırabilir ve diğer araştırmacılarla işbirliği yapmanıza olanak tanır.
Lisanslama: Verilerinizi paylaşırken uygun lisanslama yöntemlerini kullanarak telif haklarını koruyun.
6. Veri Arşivleme
Uzun Vadeli Saklama: Araştırmanız tamamlandıktan sonra verilerinizi uzun vadeli saklama çözümleri kullanarak arşivleyin. Bu, gelecekteki araştırmalar için veri erişimini sağlar.
Bu pratikler, araştırma verilerinizi etkili bir şekilde yönetmenize yardımcı olabilir. Eğer daha fazla bilgi veya rehberlik isterseniz, kütüphane personelinden veya veri yönetimi uzmanlarından destek alabilirsiniz. 😊 Araştırma verilerinizi aşağıda bilgisini verdiğimiz. İTÜ Akademik Açık Arşivinde saklayabilirsiniz:  Üniversitemizin akademik ve idari personeli, öğrencileri, tarafından bilimsel dergilerde yayınlanmış makaleler, araştırma projeleri, konferans metinleri, raporlar, ders notları ve İTÜ' nün tüm enstitülerinde üretilmiş yüksek lisans ve doktora tezleri İTÜ Akademik Açık Arşivinde (İTÜ AAA)  yazar/eser sahiplerinin izinleri dahilinde  yer alması ve sınırsız erişime sunulması amaçlanmaktadır.

Sisteme öncelikle Fen Bilimleri Enstitüsünün 1992-2014 yılları arasındaki yüksek lisans ve doktora tezleri yüklenmiştir. Diğer enstitülerin tezleri yüklenmeye devam etmektedir..

2014-2018 yılları arasındaki yazar isteği üzerine erişime kapalı olan tezlerin PDF dosyaları sisteme yüklenmemiştir.İlgili tezlerin kütüphanedeki basılı kopyasına erişim mümkün olmamaktadır.

Açık arşivide bulunan çalışmalardan yararlanıldığında, kullanan kişinin kaynak göstermesi bilimsel etik açısından gerekli ve zorunludur. Kaynak gösterilmesinde kullanılan çalışmanın adı ve yazarıyla birlikte açık arşivin URL adresi verilecektir.",,,,,,,,,,,,,,,,,,,,,,,,
40. Bilimsel bir dergide yayın yapma süreci hakkında bilgi verebilir misiniz?,"Elbette, bilimsel bir dergide yayın yapma süreci genellikle aşağıdaki adımları içerir:

1. Araştırma ve Hazırlık
Araştırma Yapma: İlk adım, araştırma konusunu belirlemek ve gerekli verileri toplamak.
Makale Yazımı: Araştırma sonuçlarını ve bulguları düzenli bir şekilde makale formatında yazmak.
2. Dergi Seçimi
Uygun Dergi Bulma: Araştırmanızın konusuna uygun bir dergi seçmek önemlidir. Derginin hedef kitlesi, etki faktörü ve yayın politikaları göz önünde bulundurulmalıdır.
3. Makale Gönderimi
Başvuru Süreci: Makalenizi derginin belirlediği formatta hazırlayıp, genellikle çevrimiçi bir sistem üzerinden gönderirsiniz.
Kurumsal E-posta Kullanımı: Özellikle açık erişim başvurularında, kurumsal e-posta adresi kullanmak doğrulama sürecini kolaylaştırır.
4. Hakem Değerlendirmesi
Hakem Görüşleri: Makaleniz, alanında uzman hakemler tarafından değerlendirilir. Bu süreçte düzeltme talepleri gelebilir.
Revizyonlar: Hakemlerin önerileri doğrultusunda makalenizde gerekli düzenlemeleri yapmanız gerekebilir.
5. Yayın Kararı
Kabul veya Red: Revizyonlardan sonra makaleniz kabul edilebilir veya reddedilebilir.
Yayın Ücreti: Açık erişim dergilerde makale işlem ücretini yazar veya fon sağlayıcısı ödemek durumundadır.
6. Yayınlanma
Son Düzenlemeler: Kabul edilen makale son düzenlemelerden geçer ve dergide yayınlanır.
Açık Erişim: Makaleniz açık erişim olarak yayınlanırsa, herkes tarafından ücretsiz erişilebilir olur.
Bu süreç, dergiden dergiye değişiklik gösterebilir, ancak genel olarak bu adımlar takip edilir. Eğer daha spesifik bir bilgiye ihtiyacınız varsa, ilgili derginin web sitesinden detaylı bilgi alabilirsiniz. 😊",,,,,,,,,,,,,,,,,,,,,,,,
41. Bir makalenin etki faktörünü (impact factor) nasıl öğrenirim?,"Elbette, Scopus veritabanı üzerinden bir makalenin etkisini değerlendirme adımlarını aşağıda bulabilirsiniz:

Kurumunuzun (İstanbul Teknik Üniversitesi) kütüphane web sayfasından ""Veritabanları"" bölümüne gidiniz.

Listeden Scopus veritabanını bularak giriş yapınız.

Etkisini öğrenmek istediğiniz makaleyi başlığı, yazarı veya DOI numarası ile aratınız.

Arama sonuçlarından ilgili makalenin başlığına tıklayarak detay sayfasına ulaşınız.

Makale başlığının hemen altında veya sayfanın metrikler bölümünde yer alan ""Field-Weighted Citation Impact"" (FWCI) değerine bakarak makalenin kendi alanındaki göreceli atıf etkisini görebilirsiniz.",,,,,,,,,,,,,,,,,,,,,,,,
42. H-indeksi en yüksek akademisyenleri nasıl bulabilirim?,"Bu yöntem, belirli bir konu üzerinde çalışan ve en yüksek etki skoruna (H-indeksi) sahip olan araştırmacıları sistematik olarak belirlemenizi sağlar.

Adım 1: Scopus Veritabanına Erişin
Kurumunuzun (İstanbul Teknik Üniversitesi) kütüphane web sayfasından ""Veritabanları"" bölümüne gidin ve listeden Scopus'u bularak giriş yapın.

Adım 2: Yazar Arama (Author Search) Sekmesini Kullanın
Scopus ana sayfasında, arama kutularının üzerindeki sekmelerden ""Authors"" (Yazarlar) sekmesine tıklayın. Bu bölüm, doğrudan araştırmacıları hedef alan bir arama yapmanızı sağlar.

Adım 3: Arama Sonuçlarını Konu Alanına Göre Filtreleyin

Herhangi bir yazar ismi girmeden doğrudan ""Search"" (Ara) butonuna basın. Bu, Scopus'taki tüm yazarları içeren genel bir liste getirecektir.

Arama sonuçları sayfasının sol tarafında yer alan ""Refine Results"" (Sonuçları Daralt) panelini kullanın.

Bu panelden ""Subject Area"" (Konu Alanı) filtresini bulun ve ilgilendiğiniz alanı (örn. ""Computer Science"", ""Engineering"", ""Medicine"") seçerek listeyi daraltın.

Adım 4: H-İndeksine Göre Sıralayın
Bu en önemli adımdır. Arama sonuçları listesinin sağ üst köşesinde bulunan ""Sort by"" (Sıralama Ölçütü) menüsüne tıklayın. Varsayılan olarak bu seçenek ""Document count"" (Yayın Sayısı) olabilir. Menüyü açın ve ""h-index"" seçeneğini işaretleyin.

Sonuç:
Bu adımları tamamladığınızda, seçtiğiniz bilimsel alanda çalışan ve en yüksek H-indeksine sahip olan akademisyenler en üstte görünecek şekilde sıralanmış bir liste elde edeceksiniz.

Profesyonel İpucu: Daha Niş Konular İçin Alternatif Yöntem
Eğer ""Makine Öğrenmesi"" gibi daha spesifik bir anahtar kelime ile arama yapmak isterseniz, aşağıdaki alternatif yöntemi kullanabilirsiniz:

Scopus'ta bu defa ""Documents"" (Belgeler) sekmesinde kalın.

Arama kutusuna anahtar kelimenizi (örn. ""Large Language Models"" veya ""Semantic Search"") yazarak arama yapın.

Sonuç sayfasında, sol paneldeki ""Author name"" (Yazar Adı) filtresinin altındaki ""View all"" (Tümünü Gör) linkine tıklayın.

Açılan pencere, bu anahtar kelime ile en çok yayın yapan yazarları listeleyecektir. Bu liste, ilgilendiğiniz niş alandaki en aktif ve potansiyel olarak en etkili isimleri bulmak için harika bir başlangıç noktasıdır.

Bu yöntemler, potansiyel iş birlikleri kurmak, literatür taramasında alanın öncülerini belirlemek veya bir konudaki kilit uzmanları takip etmek için son derece değerlidir.

Umarım bu detaylı anlatım yardımcı olmuştur. Başka bir sorunuz olursa memnuniyetle cevaplarım.",,,,,,,,,,,,,,,,,,,,,,,,
43. Belirli bir araştırma konusuyla ilgili en son yayınları bana listeleyebilir misin?,"Üzgünüm, belirli bir araştırma konusuyla ilgili en son yayınları doğrudan listeleyemem. Ancak, İTÜ Kütüphanesi web sitesi anasayfasında araştırdığınız konuyu ""Tarıyorum"" arama motoruna girerek ya da o konu ile ilgili veri tabanlarını kullanarak en güncel akademik yayınlara erişebilirsiniz. ",,,,,,,,,,,,,,,,,,,,,,,,
"44. [Herhangi bir] veritabanında ""yapay sinir ağları"" üzerine son bir yılda yazılmış makaleleri bul.","Doğrudan bu https://kutuphane.itu.edu.tr/arastirma/veritabanlari linkten veritabanlarına ulaşıp, bu veritabanları içerisinden [Herhangi bir] veritabanına ulaşabilirsiniz. İlgili veritabanına kampüs içi veya mevcutsa kampüs dışı bağlantısından erişebilirsiniz.",,,,,,,,,,,,,,,,,,,,,,,,
45. Kütüphanenin [herhangi bir konudaki] verilerine API üzerinden erişebilir miyim?,Henüz böyle bir servis sunulmamaktadır.,,,,,,,,,,,,,,,,,,,,,,,,
46. Patent ve standartlara nasıl erişim sağlayabilirim?,Kütüphanenin veritabanları sayfasını ziyaret edebilirsiniz: https://kutuphane.itu.edu.tr/arastirma/veritabanlari Sol tarafta bulunan yayın türü bölümünde filtreleme yaparak ilgili veritabanlarını bulabilirsiniz.,,,,,,,,,,,,,,,,,,,,,,,,
47. Açık erişim (Open Access) yayınlar hakkında bilgi verir misin?,"Açık erişim, bilimsel literatürün internet aracıyla finansal, yasal ve teknik bariyerler olmaksızın, erişilebilir, okunabilir, kaydedilebilir, kopyalanabilir, yazdırılabilir, taranabilir, tam metne bağlantı verilebilir, dizinlenebilir, yazılıma veri olarak aktarılabilir ve her türlü yasal amaç için kullanılabilir biçimde kamuya ücretsiz açık olmasıdır. Bu gibi konularda https://rehberler.kutuphane.itu.edu.tr/ adresinden detaylı bilgi edinebilirsiniz.",,,,,,,,,,,,,,,,,,,,,,,,
49. Ön baskı (preprint) arşivlerine (arXiv gibi) erişim sağlıyor musunuz?,,,,,,,,,,,,,,,,,,,,,,,,,
52. Boş grup çalışma odası var mı?,Kullanılabilir durumda olan (boş) grup çalışma odasının olup olmadığını Mustafa İnan Kütüphanesi Ödünç Verme Bankosu'ndan öğrenebilirsiniz. Oda ödünç almak için Mustafa İnan Kütüphanesi Ödünç Verme Bankosu'ndan destek alabilirsiniz.,,,,,,,,,,,,,,,,,,,,,,,,
54. Kütüphanede bilgisayar kullanabilir miyim?,Kütüphane içindeki bilgisayarlar sadece katalog taraması ve kütüphanenin sahip olduğu elektronik yayınlardan araştırma yapmak için kullanılır. İTÜ kullanıcı hesapları (İTÜ e-posta adresi ve şifresi) ile giriş yapılmaktadır.,,,,,,,,,,,,,,,,,,,,,,,,
55. Bilgisayarlarda hangi programlar yüklü?,https://bidb.itu.edu.tr/hizmetler/lisansli-yazilim-hizmeti adresinde mevcut olan lisanslı programlar.,,,,,,,,,,,,,,,,,,,,,,,,
56. Kütüphanede Wi-Fi şifresi nedir?,"Kablosuz ağın adı  ""Eduroam"" (İTÜ'lüler için), şifresi İTÜ e-posta adresinin şifresi). 
Misafir kullanıcılar için şifreleme olmadan ve sınırlı bir internet erişimi sunan 
kablosuz ağın adı ""ITU-NET Misafir""dir. ITUNET Misafir ağına bağlanabilmek 
için bağlantı işlemi sırasında açılan web sayfasından, kullanıcı giriş 
formunun altında yer alan ""Hesabınız yok mu?"" bağlantısına tıklayıp 
yönergeleri takip ederek hesap oluşturulabilir ve sonrasında internete bağlanılabilir.",,,,,,,,,,,,,,,,,,,,,,,,
57. Yazıcıdan çıktı nasıl alırım?,"Kütüphanede yazıcı hizmeti verilmemekte, çıktı alınamamaktadır. Giriş katta, 
birinci katta ve 
ikinci katta bulunan tarayıcılar ile kopyalanmak istenen sayfalar bir USB belleğe 
kaydedilebilir, e-posta gönderilebilir.",,,,,,,,,,,,,,,,,,,,,,,,
60. Kütüphane içinde yiyecek ve içecek serbest mi?,"Kütüphane içine yiyecek ve içecek getirilmesi, salonlarda sigara içilmesi ve cep telefonu 
kullanılması yasaktır.",,,,,,,,,,,,,,,,,,,,,,,,
61. Kütüphanede bir kafe var mı?,"Kütüphane binası içinde bir kafe bulunmamakta, yiyecek-içecek otomatları bulunmaktadır.",,,,,,,,,,,,,,,,,,,,,,,,
"62. Engelli kullanıcılar için erişim olanakları nelerdir? (Asansör, rampa vb.)",Kütüphanede asansör bulunmaktadır.,,,,,,,,,,,,,,,,,,,,,,,,
63. Kütüphane kat planını gösterebilir misin?,Kütüphane web sayfasında cevabı var. https://kutuphane.itu.edu.tr/hakkimizda/kat-plani,,,,,,,,,,,,,,,,,,,,,,,,
"64. ""Sosyal Bilimler"" bölümü hangi katta?",Giriş kattadır.,,,,,,,,,,,,,,,,,,,,,,,,
65. Kayıp eşya bürosu nerede?,Kayıp eşyalarınız için Kütüphane güvenlik personeline başvurunuz.,,,,,,,,,,,,,,,,,,,,,,,,
66. Kütüphanede priz olan çalışma masaları var mı?,Kütüphanedeki masalarda priz bulunmaktadır.,,,,,,,,,,,,,,,,,,,,,,,,
69. Gece boyunca açık kalan bir çalışma salonu var mı?,Kütüphanenin çalışma salonları -resmî tatiller dışında- 7/24 açıktır.,,,,,,,,,,,,,,,,,,,,,,,,
70. Gürültü seviyesi en düşük olan alan neresi?,"İkinci kattaki karellerin yer aldığı alan, ""çok sessiz"" alandır.",,,,,,,,,,,,,,,,,,,,,,,,
71. Kütüphane oryantasyon eğitimi ne zaman?,"Bilgi Okuryazarlığı eğitimleri kapsamında ""oryantasyon"" eğitimleri de verilmektedir. 
Form doldurularak talepte bulunulabilir. (Form bilgisi Kılavuz'da var)",,,,,,,,,,,,,,,,,,,,,,,,
72. Veritabanı kullanımı üzerine bir atölye çalışması düzenliyor musunuz?,Bilgi Okuryazarlığı Talep Formu'nu doldurarak veritabanı kullanımına yönelik eğitim alabilirsiniz. (https://kutuphane.itu.edu.tr/arastirma/bilgi-okuryazarligi-egitimleri),,,,,,,,,,,,,,,,,,,,,,,,
73. APA stilinde kaynakça nasıl yazılır?,"İTÜ'de kaynak gösterme biçimi olarak APA 6th Ed. kullanılmaktadır. Çok sayıda kaynak gösterme biçimi olmasına rağmen hemen hepsinde aynı bilgiler yer almakta, bilginin sunuş sırası ve düzeni farklı olabilmektedir. İTÜ LEE Tez Yazım Şablonu'nda APA'ya göre hazırlanmış kaynak örnekleri görülebilir.",,,,,,,,,,,,,,,,,,,,,,,,
74. Kütüphane kuralları nelerdir?,"Kütüphaneye giriş ve ödünç verme işlemi, üniversite kimlik kartı ile yapılmaktadır.
 Kütüphane tesislerine ve materyallerine zarar veren kullanıcılar hakkında yasal işlem yapılır. 
Kütüphaneye yiyecek ve içecek ile girilmesi, tütün mamullerinin içilmesi kesinlikle yasaktır. Kullanıcılar yanlarında sadece su bulundurabilir.
Kullanıcılar yanlarında bulunan eşyaları korumakla yükümlüdür. Meydana gelecek çalınma, kaybolma olaylarından kütüphane sorumlu tutulamaz. 
Kullanıcılar kütüphaneye girerken cep telefonlarını sessiz konuma almalı ve bina içerisinde görüşme yapmamalıdır. 
Mustafa İnan Kütüphanesi ve şube kütüphanelerdeki materyaller elektronik güvenlik sistemi ile korunmaktadır. İzin alınmadan kütüphane dışına materyal çıkarılamaz. İzinsiz materyal çıkarmaya teşebbüs edenler hakkında yasal işlem yapılır. 
Kamera, fotoğraf makinesi vb. ile kütüphane içinde izin almadan çekim yapmak yasaktır. 
Kütüphane içinde, ‘Sesli Çalışma Salonu’ dışında grup çalışması yapmak ve sesli olarak çalışmak yasaktır. 
Şube kütüphanelerde kapanış saatine 15 dakika kala kapanış işlemleri ve kapanış uyarıları başlatılır. ",,,,,,,,,,,,,,,,,,,,,,,,
75. Üyelik için ne yapmam gerekiyor?,"İTÜ hesabınızı kullanarak kütüphane üyelik başvurusunda bulunabilirsiniz.

Üyelik Adımları
•        “İTÜ Hesabıyla Kayıt” butonuna tıkladıktan sonra İTÜ Giriş sayfasına yönlendirileceksiniz.
•        İTÜ Giriş sayfasında İTÜ kullanıcı adınız ve parolanız ile giriş yaptığınızda kütüphane kayıt sayfasına yönlendirileceksiniz.
•        Karşınıza çıkan formdaki eksik bilgi girişi alanlarını tamamlayıp, kaydet butonuna tıklayarak kayıt başvurunuzu tamamlamış olacaksınız.
•        Üyelik başvurunuz 3 iş günü içinde değerlendirilerek kütüphane üyeliğiniz başlatılacaktır. 
•        Üyeliğiniz onaylandığında İTÜ e-posta adresinize bir bilgilendirme e-postası ulaşacaktır.
•        Kullanıcı İşlemleri alanına ilk kez girerken, Soyad, Ad ve Öğrenci / Sicil numarasını giriniz ve PIN alanını boş bırakarak yeni PIN oluşturunuz. 
",,,,,,,,,,,,,,,,,,,,,,,,
76. Mezunlar kütüphaneyi kullanabilir mi?,Kılavuzda cevabı var.,,,,,,,,,,,,,,,,,,,,,,,,
77. Misafir veya dışarıdan bir araştırmacı olarak kütüphaneden nasıl faydalanabilirim?,"İTÜ mensubu olmayan diğer üniversitelerin lisansüstü öğrencileri ve akademik personelleri İTÜ Kütüphanelerinden misafir üye olarak istifade edebilirler. Bunun için https://service.library.itu.edu.tr/web/misafir/kayit bu linkten misafir üyelik formunun doldurulması gerekmektedir.  Misafir üyelik talebinizin uygun olduğuna dair bilgilendirme e-postasını aldıktan sonra, aşağıda belirtilen hesap numarasına yıllık üyelik ücretinin yatırılması,
T.Vakıflar Bankası IBAN : TR07 0001 5001 5800 7296 8556 62
Açıklama bölümüne: Adınızı, Soyadınızı ve KÜTÜPHANE ÜYELİK BEDELİ notunu eklemeyi unutmayınız) Vakıfbank ATM'lerinden ödeme yapmak için işlem adımlarını aşağıda görebilirsiniz.
Misafir Üyelik Ücretlerini Ödemek İçin (Vakıfbank ATM) İşlem Adımları;

Hesaba Kartsız Havale (Menüsü kullanılarak)
001 5800 7296 8556 62 (Hesap numarası)
TC Kimlik no girişi
Telefon numarası girişi (İsteğe bağlı)
Hesap numarası ekranı (ONAY VERİLECEK)
Tutar girişi yapılarak işlem onaylanacak
Açıklama girişi (İşlem bitince giriş yapılacak)
Para tutarı yatırılarak işleme ONAY VERİLECEK
İşlem makbuzu alınacak.
EFT işlemi yapacakların açıklama kısmına IBAN numarası yanısıra, alıcı adı olarak İTÜ Strateji Geliştirme Daire Başkanlığı yazmaları gerekiyor.
 

Bir fotoğraf, bir adet T.C. kimlik fotokopisi, kurum kimliği (*) ve yıllık ücret makbuzunun Kütüphane Yönetiminin kontrolünün (Kütüphane Güvenlik Birimine danışın) ardından Kart İşlem Merkezine yardım bileti oluşturarak teslim edilmesi gerekir.
Yardım biletini  üzerinden oluşturabilirsiniz.
Kişisel üyelik kartları kart sahibi tarafından kullanılır. Başkası tarafından kullanılan kartlara el konulur ve üyeliği iptal edilir.
Misafir üyeler sadece kütüphane içindeki hizmetlerden yararlanabilirler.( Ödünç verme, Kampus dışı erişim hizmeti v.b. hizmetlerden yararlanamazlar)
Misafir üyelik başvuruları yalnızca mesai saatleri içinde yapılabilir.
Üyelik başvurulduğu yıl için geçerlidir. 31 Aralık tarihinde üyelik sona erer.
Yıllık Misafir Üyelik Ücreti (1 Ocak - 31 Aralık): 1000 TL (2025 yılı için fiyat değişikliği olmamıştır.)",,,,,,,,,,,,,,,,,,,,,,,,
"78. Kütüphaneye kitap bağışı yapabilir miyim, nasıl yaparım?","İTÜ Kütüphane ve Dokümantasyon Daire Başkanlığı üniversitede yapılan eğitim-öğretimi desteklemek, araştırmalara katkıda bulunmak ve kullanıcıların kültürel gereksinimleri doğrultusunda kütüphane koleksiyonunu geliştirmek amacı ile bağış yayın kabul etmektedir.

Bağış yapmak isteyen kişi ve kurumların, bağışlayacakları yayınların bilgilerini içeren listeyi önceden Daire Başkanlığı’na iletmesi gerekir.

Bağışlanacak koleksiyondaki el yazması ve nadir basma eser niteliği dışında kalanlardan, güncelliğini yitirmiş olanlar bağış olarak kabul edilmez. 

Koleksiyon Geliştirme Bölümü tarafından kütüphane koleksiyonu için uygun olduğuna karar verilen yayınlar teknik işlemleri yapılarak koleksiyona eklenir. Bağış yapan kişi veya kuruma İTÜ adına teşekkür mektubu gönderilir. 

Bağış yapılan yayın, kütüphane koleksiyonunda (rezerv yayınlar hariç) mevcutsa kabul edilmez. 

Daire Başkanlığı bağış yapılan yayınları hangi bölümde ve hangi kurallar doğrultusunda kullanıcılara sunacağı konusunda karar verme hakkına sahiptir.

Süreli yayınların bağış olarak kabul edilebilmesi için koleksiyonun başlangıcı ya da devamının kütüphanede bulunması gerekir. 

Dergi, ansiklopedi vb. çok ciltli eserler cilt bütünlüğü oluşturuyorsa kabul edilir. 

Daire Başkanlığı özel ya da tüzel kişilere, koleksiyon bağışı yapması için başvurabilir. 

Daire Başkanlığı uygun gördüğü takdirde bağış olarak kabul ettiği yayınları iade etme veya başka bir kütüphaneye bağışlama hakkına sahiptir. 

Fotokopi yayınlar, fiziksel açıdan kötü durumdaki yayınlar ve devamlılığı sağlanamayan süreli yayınlar bağış olarak kabul edilmemektedir. ",,,,,,,,,,,,,,,,,,,,,,,,
79. Kütüphane koleksiyonu için kitap satın almayı nasıl önerebilirim?,Kılavuzda cevabı var.,,,,,,,,,,,,,,,,,,,,,,,,
"80. Yaklaşan kütüphane etkinlikleri (söyleşi, sergi vb.) var mı?",İTÜ Kütüphaneleri tarafından düzenlenen etkinlikleri kütüphanenin anasayfasından takip edebilirsiniz: https://kutuphane.itu.edu.tr/,,,,,,,,,,,,,,,,,,,,,,,,
81. Geri bildirim veya şikayette nasıl bulunabilirim?,Kılavuzda cevabı var.,,,,,,,,,,,,,,,,,,,,,,,,
82. Telif hakları ve akademik kullanım hakkında bilgi verir misin?,"Size bu konuda yardımcı olmak çok isterdim ancak maalesef böyle bir yeteneğim yok, kusura bakmayın.  İTÜ Kütüphaneleri'nde, Mustafa İnan Kütüphanesi Giriş Katı’ndaki Danışma Masası’nda ve Şube Kütüphanelerinde görev yapan danışma kütüphanecileri bulunmaktadır. Benim bilgi ve yeteneklerimin dışında kalan soruları danışma kütüphanecilerine sorabilirsiniz. Kampüs dışındaysanız İTÜ Kütüphane Anasayfasından canlı destek hizmetine bağlanabilirsiniz.",,,,,,,,,,,,,,,,,,,,,,,,
84. Mobil uygulamanız var mı?,Mobil uygulamamız yoktur.,,,,,,,,,,,,,,,,,,,,,,,,
85. Kütüphane haber bültenine nasıl abone olabilirim?,Kütüphane duyurularını web sayfasından takip edebilir ya da kurumsal listelerden (Akademik-Tümokul-Öğrenci) gelen e-postaları takip edebilirsiniz.,,,,,,,,,,,,,,,,,,,,,,,,
86. Aramaları anlamsal olarak mı yoksa anahtar kelime bazlı mı yapıyorsun?," aramalarımı temelde anahtar kelime bazlı ve kontrollü başlıklar üzerinden yapıyorum. Bu durum, İTÜ Kütüphaneleri'nin web sayfasında yer alan ve kütüphane kaynaklarını taramanızı sağlayan ""Kütüphane Katalog Tarama"" ve ""Tarıyorum"" alanlarının çalışma prensiplerine benzerdir.
İşte bu tarama yöntemlerinin detayları:
• Anahtar Kelime Bazlı Tarama:
    ◦ Yazar Adı Taraması: Aradığınız yazarın soyadını arama kutucuğuna yazarak yapılır. Mümkün oldukça yazar adının tam olarak yazılması, aranan sonuca daha çok yaklaştırır.
    ◦ Eser Adı Taraması: Aranan kaynağın adını tam olarak girerek tarama yapılır.
    ◦ Gelişmiş Tarama: Bu tarama türünde anahtar sözcük, başlık, yazar gibi alanlar kullanılarak arama sonuçları materyal türü, yayının bulunduğu yer, dili, yılı gibi çeşitli kriterlere göre daraltılabilir.
• Kontrollü Başlıklar / Konu Taraması:
    ◦ Konu Taraması: Arama alanı olarak ""konu"" seçildikten sonra, konu başlığı girilerek yapılır. Bu konu başlıkları, Kütüphane’nin Kataloglama ve Teknik Hizmetler Bölümü tarafından belirlenmiş standart (kontrollü) başlıklardır. Burada önemli olan, konuyu en iyi tanımlayan başlığın seçilmesidir. Eğer aradığınız konu ile ilgili çok fazla sayıda yayına ulaşırsanız, konuyu tam olarak ifade edecek, daraltıp sınırlayacak başlıklar belirlemeniz önerilir.
• Boolean İşleçleri (Mantıksal Operatörler):
    ◦ Gelişmiş Tarama sırasında, birden fazla tarama alanını AND, OR ve NOT işleçleri ile birleştirerek daha karmaşık aramalar yapabilirsiniz. Bu Boolean işleçleri, kullandığınız anahtar sözcüklerinin kapsamı dışında sınırlama yapmanıza olanak sağlar. Örneğin:
        ▪ A AND B: İçinde A ve B sözcüklerinin ikisinin de bulunduğu sonuçları içerir.
        ▪ A OR B: İçinde A sözcüğünün veya B sözcüğünün geçtiği sonuçları içerir.
        ▪ A NOT B: İçinde B sözcüğünün geçmediği, ancak A sözcüğünün geçtiği sonuçları içerir.
Bu bilgiler ışığında, benim aramalarım belirli anahtar kelimeler, tam başlıklar, yazarlar ve kütüphanenin tanımladığı standart konu başlıkları üzerinden, mantıksal operatörlerle desteklenerek gerçekleştirilmektedir. Doğrudan anlamsal bir ""anlama"" yeteneğim olmayıp, bu belirlenmiş ve kurallı arama yöntemleri ile size en uygun sonuçları getirmeye çalışırım.",,,,,,,,,,,,,,,,,,,,,,,,
"87. ""Makine öğrenmesi"" ile ""veri madenciliği"" arasındaki farkı açıklayan temel bir kaynak önerebilir misin?","İTÜ Kütüphaneleri'nin web sayfasında yer alan ""Kütüphane Katalog Tarama"" veya ""Tarıyorum"" alanını kullanarak veya istediğiniz anahtar kelimelerle arama yapabilirsiniz. Bu sayede, kütüphane koleksiyonunda bulunan kitaplar, tezler, süreli yayınlar gibi farklı türdeki bilgi kaynaklarının bibliyografik künyelerine, içerik bilgilerine ve yer numaralarına ve de kütüphanemizin erişim sağladığı elektronik kaynaklara ulaşabilirsiniz. Konu taramasında çok fazla yayına ulaşırsanız, aradığınız konuyu tam olarak ifade edecek, konuyu daraltıp sınırlayacak başlıklar belirleyerek araştırmanızı sürdürmeniz önerilir.",,,,,,,,,,,,,,,,,,,,,,,,
88. Sci-Hub yasal mı? Neden kullanmamalıyım?,"Size bu konuda yardımcı olmak çok isterdim ancak maalesef bu konuda bilgi sahibi değilim, kusura bakmayın.  İTÜ Kütüphaneleri'nde, Mustafa İnan Kütüphanesi Giriş Katı’ndaki Danışma Masası’nda ve Şube Kütüphanelerinde görev yapan referans kütüphanecileri bulunmaktadır. Benim bilgi ve yeteneklerimin dışında kalan soruları referans kütüphanecilerine sorabilirsiniz. Kampüs dışındaysanız İTÜ Kütüphane anasayfasından canlı destek hizmetine bağlanabilirsiniz.",,,,,,,,,,,,,,,,,,,,,,,,
89. Bana herhangi bir konu hakkında en güncel 5 makaleyi özetleyebilir misin?,"Araştırma yaptığınız konu ile ilgili en güncel makaleleri bulmak için İTÜ Kütüphane anasayfasındaki ""Tarıyorum"" arama motorunu kullanabilirsiniz. Bununla birlikte üyesi olduğumuz veritabanlarından ProQuest Central (link: https://www.proquest.com/central/index) ve Scopus (link: https://www.scopus.com/) genel literatür taraması yapmak için oldukça fazla akademik yayını içeren kaliteli veritabanlarıdır. Ayrıca Mühendislik ve bilgisayar bilimleri",,,,,,,,,,,,,,,,,,,,,,,,
90. ProQuest ve JSTOR veritabanlarını benim araştırma konum için karşılaştırır mısın?,"Merhaba! Kütüphanemiz birçok değerli akademik veritabanına erişim sağlamaktadır. Araştırmanız için sorduğunuz ProQuest ve JSTOR'u karşılaştıralım.

Her ikisi de temel kaynaklar olmakla birlikte, içerik türleri ve odak noktaları bakımından farklılaşırlar.

ProQuest: Güncel ve Çeşitli İçerik Platformu

ProQuest, çok geniş bir yelpazede, farklı formatlardaki güncel içeriği barındıran multidisipliner bir veritabanı platformudur. Kütüphanemizin abone olduğu ProQuest veritabanları şunlardır:

ProQuest Central: İşletme, sağlık, teknoloji, sosyal bilimler ve sanat gibi çok çeşitli alanlarda on binlerce dergiye, gazeteye, rapora ve teze tam metin erişim sağlayan en kapsamlı koleksiyondur.

ProQuest Dissertations & Theses Global: Dünya çapındaki üniversitelerden milyonlarca tezi ve disertasyonu içeren, özellikle lisansüstü araştırmacılar için en temel tez arşividir.

ProQuest Lib Central e-books (Ebook Central): Farklı disiplinlerdeki yüz binlerce akademik e-kitaba tam metin erişim sunan ana e-kitap platformumuzdur.

ProQuest Coronavirus Research Database: COVID-19 ve benzeri salgınlar üzerine yapılmış güncel bilimsel makalelere, ön baskılara ve tezlere ücretsiz erişim sunan özel bir koleksiyondur.

ProQuest Publicly Available Content: İnternetteki güvenilir ve ücretsiz erişime açık akademik kaynakları tek bir arayüzde toplar.

JSTOR: Akademik Arşivin Derinliği

JSTOR (Journal Storage), temel olarak akademik dergilerin arşivlerine odaklanmış bir dijital kütüphanedir. Birçok önemli derginin ilk sayısından itibaren tam metin erişim sunar. Bu özelliğiyle bir konunun tarihsel gelişimini, temel teorilerini ve kurucu makalelerini araştırmak için idealdir. Özellikle sosyal ve beşeri bilimlerde çok güçlüdür.

Tüm veritabanlarımıza aşağıdaki linkten ulaşabilir, arama çubuğuna isimlerini yazarak ilgili platformlara gidebilirsiniz:
https://kutuphane.itu.edu.tr/arastirma/veritabanlari",,,,,,,,,,,,,,,,,,,,,,,,
91. Birincil ve ikincil kaynaklar arasındaki fark nedir?,"Elbette, bir kütüphane chatbot'u olarak bu soruya şöyle cevap verirdim:

Merhaba! Akademik araştırmaların temelini oluşturan birincil ve ikincil kaynaklar arasındaki farkı basitçe açıklayayım.

1. Birincil Kaynaklar (Olayın Kendisi veya Ham Veri)
Birincil kaynaklar, bir olay veya konu hakkında doğrudan, ilk elden bilgi sunan orijinal materyallerdir. Olayın yaşandığı dönemde oluşturulmuş veya olaya bizzat tanıklık etmiş kişiler tarafından hazırlanmış kanıtlardır.

Örnekler:

Tarih: Günlükler, mektuplar, otobiyografiler, resmi belgeler (ferman, kanun, anlaşma), fotoğraflar, o döneme ait gazeteler.

Bilim: Orijinal bir deneyin sonuçlarını sunan araştırma makalesi, laboratuvar defteri, patentler.

Sanat/Edebiyat: Roman, şiir, resim, heykel, konuşma metinleri.

2. İkincil Kaynaklar (Olay Hakkındaki Yorumlar)
İkincil kaynaklar, birincil kaynakları analiz eden, yorumlayan, özetleyen veya eleştiren çalışmalardır. Olayla aralarında bir ""adım"" vardır; konuyu size yorumlayarak aktarırlar.

Örnekler:

Tarih: Bir savaş hakkında yazılmış tarih kitabı, bir lider hakkında yazılmış biyografi.

Bilim: Başka araştırmaları özetleyen ve değerlendiren derleme makaleler (review articles), ders kitapları.

Sanat/Edebiyat: Bir roman hakkındaki kitap eleştirisi, bir sanatçının eserlerini analiz eden makaleler, ansiklopedi maddeleri.",,,,,,,,,,,,,,,,,,,,,,,,
92. Bu hafta teslim etmem gereken kitaplar için bana bir hatırlatma kurar mısın?,,,,,,,,,,,,,,,,,,,,,,,,,
93. Sesli komutları anlıyor musun?,,,,,,,,,,,,,,,,,,,,,,,,,
"94. Aradığım kitap mevcut değilse, bana Amazon gibi sitelerden satın alma linki önerebilir misin?","Size bu konuda yardımcı olmak çok isterdim ancak maalesef böyle bir yeteneğim yok, kusura bakmayın.  İTÜ Kütüphaneleri'nde, Mustafa İnan Kütüphanesi Giriş Katı’ndaki Danışma Masası’nda ve Şube Kütüphanelerinde görev yapan referans kütüphanecileri bulunmaktadır. Benim bilgi ve yeteneklerimin dışında kalan soruları referans kütüphanecilerine sorabilirsiniz. Kampüs dışındaysanız İTÜ Kütüphane Anasayfasından canlı destek hizmetine bağlanabilirsiniz.",,,,,,,,,,,,,,,,,,,,,,,,
95. Kütüphanenin en çok ödünç alınan 10 kitabını listele.,"Size bu konuda yardımcı olmak çok isterdim ancak maalesef böyle bir yeteneğim yok, kusura bakmayın.  İTÜ Kütüphaneleri'nde, Mustafa İnan Kütüphanesi Giriş Katı’ndaki Danışma Masası’nda ve Şube Kütüphanelerinde görev yapan referans kütüphanecileri bulunmaktadır. Benim bilgi ve yeteneklerimin dışında kalan soruları referans kütüphanecilerine sorabilirsiniz. Kampüs dışındaysanız İTÜ Kütüphane Anasayfasından canlı destek hizmetine bağlanabilirsiniz.",,,,,,,,,,,,,,,,,,,,,,,,
96. Bir araştırma sorusunu nasıl formüle edebilirim?,,,,,,,,,,,,,,,,,,,,,,,,,
97. Bu PDF'teki referansları APA formatına çevir.,"Size bu konuda yardımcı olmak çok isterdim ancak maalesef böyle bir yeteneğim yok, kusura bakmayın.  İTÜ Kütüphaneleri'nde, Mustafa İnan Kütüphanesi Giriş Katı’ndaki Danışma Masası’nda ve Şube Kütüphanelerinde görev yapan danışma kütüphanecileri bulunmaktadır. Benim bilgi ve yeteneklerimin dışında kalan soruları danışma kütüphanecilerine sorabilirsiniz. Kampüs dışındaysanız İTÜ Kütüphane Anasayfasından canlı destek hizmetine bağlanabilirsiniz.",,,,,,,,,,,,,,,,,,,,,,,,
98. Soruma cevap veremediğinde ne yapıyorsun? Bir kütüphaneciye mi yönlendiriyorsun?," İTÜ Kütüphaneleri'nde, Mustafa İnan Kütüphanesi Giriş Katı’ndaki Danışma Masası’nda ve Şube Kütüphanelerinde görev yapan danışma kütüphanecileri bulunmaktadır. Benim bilgi ve yeteneklerimin dışında kalan soruları danışma kütüphanecilerine sorabilirsiniz. Kampüs dışındaysanız İTÜ Kütüphane Anasayfasından canlı destek hizmetine bağlanabilirsiniz.",,,,,,,,,,,,,,,,,,,,,,,,
99. Seninle sohbet edebilir miyim?,"Elbette benimle sohbet edebilirsiniz, İTÜ Kütüphanelerinin kullanımı ve araştırmalarınız için elimden geldiğince size yardımcı olmak isterim. ",,,,,,,,,,,,,,,,,,,,,,,,
100. Senin temel aldığın dil modeli nedir ve kütüphane verileriyle nasıl eğitildin?,,,,,,,,,,,,,,,,,,,,,,,,,
101. Ayırtma rafı nerede?,"Ayırtma rafı Ödünç Verme Bankosunda bulunmaktadır. Ödünç Verme Bankosu, Mustafa İnan Kütüphanesi'nin Giriş Katı’nda, kütüphaneye girişte sağda yer almaktadır.",,,,,,,,,,,,,,,,,,,,,,,,
102. Türk edebiyatı kitapları nerede?," İTÜ Kütüphanelerindeki kitaplar Library of Congress Sınıflama Sistemi kullanılarak düzenlenmiştir. Bu sistemde, her bir bilgi kaynağı için tek bir yer numarası bulunur ve bu numara kaynağın konusunu ve koleksiyonda bulunduğu yeri gösterir.
Türk edebiyatı kitaplarının tam olarak nerede olduğunu bulmak için izlemeniz gereken adımlar şunlardır:
1. Katalog Tarama Yapın: Öncelikle aradığınız belirli bir Türk edebiyatı kitabının bibliyografik künyesine ulaşmak için kütüphane kataloğunu kullanmanız gerekmektedir. Kütüphane kataloğuna web sayfasından ""Kütüphane Katalog Tarama"" veya ""Tarıyorum"" alanından erişebilirsiniz.
2. Yer Numarasını Bulun: Katalog taraması sonucunda, aradığınız yayının yer numarasını not etmelisiniz. Yer numarası, kitabın hangi raflarda bulunduğunu gösteren harf ve rakamlardan oluşan özel bir koddur.
3. Konuma Göre Belirleyin:
    ◦ Giriş Kat: Mustafa İnan Kütüphanesi'nde, yer numarası A ile başlayanlardan P ile başlayanlara kadar olan genel kitap koleksiyonu Giriş Katı'nda yer almaktadır. Edebiyat genellikle ""P"" harfi ile başlayan yer numaralarına sahip olduğundan, Türk edebiyatı kitaplarının büyük bir kısmı Giriş Katı'nda bulunması muhtemeldir.
    ◦ Birinci Kat: Yer numarası Q ile başlayanlar ve Z'ye kadar devam eden kitap koleksiyonu ise Birinci Kat'tadır.
Özetle, aradığınız Türk edebiyatı kitabının yer numarasını kütüphane kataloğundan öğrenerek, kitabın Giriş Katı'nda mı yoksa Birinci Kat'ta mı olduğunu belirleyebilirsiniz.
Eğer aradığınız yayını katalogda bulamaz veya yerinde bulmakta zorlanırsanız, Mustafa İnan Kütüphanesi Giriş Katı’ndaki Danışma Masası’nda görev yapan danışma kütüphanecilerinden yardım alabilirsiniz. Onlar size kaynakları bulma konusunda rehberlik edebilirler.",,,,,,,,,,,,,,,,,,,,,,,,
103. Kütüphane nerede? ,"İTÜ Kütüphaneleri, İstanbul Teknik Üniversitesi'nin 5 ayrı yerleşkesinde hizmet vermektedir. Toplamda 1 merkez ve 7 şube kütüphanesi bulunmaktadır.
Ana kütüphane Mustafa İnan Kütüphanesi'dir ve Ayazağa Kampüsü 34469 Maslak/İSTANBUL adresinde yer almaktadır. Mustafa İnan Kütüphanesi'nin giriş katında Danışma Masası ve ödünç verme bankosu gibi birimler bulunmaktadır.
Diğer şube kütüphanelerinin adres ve iletişim bilgileri ise şunlardır:
• Makine Fakültesi Ratip Berker Kütüphanesi: Gümüşsuyu/İSTANBUL
• Denizcilik Fakültesi Kütüphanesi: Tuzla/İSTANBUL
• Mimarlık Fakültesi Kütüphanesi: Taksim/İSTANBUL
• Yabancı Diller Yüksek Okulu Kütüphanesi: Maçka/İSTANBUL
• İşletme Fakültesi Kütüphanesi: Maçka/İSTANBUL
• Müzik İleri Araştırmalar Merkezi Kütüphanesi: Maçka/İSTANBUL
• Türk Musikisi ve Devlet Konservatuvarı Ercüment Berker Kütüphanesi Arşiv ve Dokümantasyon Merkezi: Maçka/İSTANBUL
Aradığınız yayınların Merkez veya şube kütüphanelerden birinde ya da bu kütüphanelerin özel koleksiyonlarında bulunup bulunmadığını Kütüphane Katalog Tarama veya Tarıyorum alanından kontrol edebilirsiniz.",,,,,,,,,,,,,,,,,,,,,,,,
 ,,,,,,,,,,,,,,,,,,,,,,,,,
,,,,,,,,,,,,,,,,,,,,,,,,,
,,,,,,,,,,,,,,,,,,,,,,,,,
,,,,,,,,,,,,,,,,,,,,,,,,,
,,,,,,,,,,,,,,,,,,,,,,,,,
,,,,,,,,,,,,,,,,,,,,,,,,,
,,,,,,,,,,,,,,,,,,,,,,,,,
,,,,,,,,,,,,,,,,,,,,,,,,,
,,,,,,,,,,,,,,,,,,,,,,,,,
,,,,,,,,,,,,,,,,,,,,,,,,,
,,,,,,,,,,,,,,,,,,,,,,,,,
,,,,,,,,,,,,,,,,,,,,,,,,,
,,,,,,,,,,,,,,,,,,,,,,,,,
,,,,,,,,,,,,,,,,,,,,,,,,,
,,,,,,,,,,,,,,,,,,,,,,,,,
,,,,,,,,,,,,,,,,,,,,,,,,,
,,,,,,,,,,,,,,,,,,,,,,,,,
,,,,,,,,,,,,,,,,,,,,,,,,,
,,,,,,,,,,,,,,,,,,,,,,,,,
,,,,,,,,,,,,,,,,,,,,,,,,,
,,,,,,,,,,,,,,,,,,,,,,,,,
,,,,,,,,,,,,,,,,,,,,,,,,,
,,,,,,,,,,,,,,,,,,,,,,,,,
,,,,,,,,,,,,,,,,,,,,,,,,,
,,,,,,,,,,,,,,,,,,,,,,,,,
,,,,,,,,,,,,,,,,,,,,,,,,,
,,,,,,,,,,,,,,,,,,,,,,,,,
,,,,,,,,,,,,,,,,,,,,,,,,,
,,,,,,,,,,,,,,,,,,,,,,,,,
,,,,,,,,,,,,,,,,,,,,,,,,,
,,,,,,,,,,,,,,,,,,,,,,,,,
,,,,,,,,,,,,,,,,,,,,,,,,,
,,,,,,,,,,,,,,,,,,,,,,,,,
,,,,,,,,,,,,,,,,,,,,,,,,,
,,,,,,,,,,,,,,,,,,,,,,,,,
,,,,,,,,,,,,,,,,,,,,,,,,,
,,,,,,,,,,,,,,,,,,,,,,,,,
,,,,,,,,,,,,,,,,,,,,,,,,,
,,,,,,,,,,,,,,,,,,,,,,,,,
,,,,,,,,,,,,,,,,,,,,,,,,,
,,,,,,,,,,,,,,,,,,,,,,,,,
,,,,,,,,,,,,,,,,,,,,,,,,,
,,,,,,,,,,,,,,,,,,,,,,,,,
,,,,,,,,,,,,,,,,,,,,,,,,,
,,,,,,,,,,,,,,,,,,,,,,,,,
,,,,,,,,,,,,,,,,,,,,,,,,,
,,,,,,,,,,,,,,,,,,,,,,,,,
,,,,,,,,,,,,,,,,,,,,,,,,,
,,,,,,,,,,,,,,,,,,,,,,,,,
,,,,,,,,,,,,,,,,,,,,,,,,,
,,,,,,,,,,,,,,,,,,,,,,,,,
,,,,,,,,,,,,,,,,,,,,,,,,,
,,,,,,,,,,,,,,,,,,,,,,,,,
,,,,,,,,,,,,,,,,,,,,,,,,,
,,,,,,,,,,,,,,,,,,,,,,,,,
,,,,,,,,,,,,,,,,,,,,,,,,,
,,,,,,,,,,,,,,,,,,,,,,,,,
,,,,,,,,,,,,,,,,,,,,,,,,,
,,,,,,,,,,,,,,,,,,,,,,,,,
,,,,,,,,,,,,,,,,,,,,,,,,,
,,,,,,,,,,,,,,,,,,,,,,,,,
,,,,,,,,,,,,,,,,,,,,,,,,,
,,,,,,,,,,,,,,,,,,,,,,,,,
,,,,,,,,,,,,,,,,,,,,,,,,,
,,,,,,,,,,,,,,,,,,,,,,,,,
,,,,,,,,,,,,,,,,,,,,,,,,,
,,,,,,,,,,,,,,,,,,,,,,,,,
,,,,,,,,,,,,,,,,,,,,,,,,,
,,,,,,,,,,,,,,,,,,,,,,,,,
,,,,,,,,,,,,,,,,,,,,,,,,,
,,,,,,,,,,,,,,,,,,,,,,,,,
,,,,,,,,,,,,,,,,,,,,,,,,,
,,,,,,,,,,,,,,,,,,,,,,,,,
,,,,,,,,,,,,,,,,,,,,,,,,,
,,,,,,,,,,,,,,,,,,,,,,,,,
,,,,,,,,,,,,,,,,,,,,,,,,,
,,,,,,,,,,,,,,,,,,,,,,,,,
,,,,,,,,,,,,,,,,,,,,,,,,,
,,,,,,,,,,,,,,,,,,,,,,,,,
,,,,,,,,,,,,,,,,,,,,,,,,,
,,,,,,,,,,,,,,,,,,,,,,,,,
,,,,,,,,,,,,,,,,,,,,,,,,,
,,,,,,,,,,,,,,,,,,,,,,,,,
,,,,,,,,,,,,,,,,,,,,,,,,,
,,,,,,,,,,,,,,,,,,,,,,,,,
,,,,,,,,,,,,,,,,,,,,,,,,,
,,,,,,,,,,,,,,,,,,,,,,,,,
,,,,,,,,,,,,,,,,,,,,,,,,,
,,,,,,,,,,,,,,,,,,,,,,,,,
,,,,,,,,,,,,,,,,,,,,,,,,,
,,,,,,,,,,,,,,,,,,,,,,,,,
,,,,,,,,,,,,,,,,,,,,,,,,,
,,,,,,,,,,,,,,,,,,,,,,,,,
,,,,,,,,,,,,,,,,,,,,,,,,,
,,,,,,,,,,,,,,,,,,,,,,,,,
,,,,,,,,,,,,,,,,,,,,,,,,,
,,,,,,,,,,,,,,,,,,,,,,,,,
,,,,,,,,,,,,,,,,,,,,,,,,,
,,,,,,,,,,,,,,,,,,,,,,,,,
,,,,,,,,,,,,,,,,,,,,,,,,,
,,,,,,,,,,,,,,,,,,,,,,,,,
,,,,,,,,,,,,,,,,,,,,,,,,,
,,,,,,,,,,,,,,,,,,,,,,,,,
,,,,,,,,,,,,,,,,,,,,,,,,,
,,,,,,,,,,,,,,,,,,,,,,,,,
,,,,,,,,,,,,,,,,,,,,,,,,,
,,,,,,,,,,,,,,,,,,,,,,,,,
,,,,,,,,,,,,,,,,,,,,,,,,,
,,,,,,,,,,,,,,,,,,,,,,,,,
,,,,,,,,,,,,,,,,,,,,,,,,,
,,,,,,,,,,,,,,,,,,,,,,,,,
,,,,,,,,,,,,,,,,,,,,,,,,,
,,,,,,,,,,,,,,,,,,,,,,,,,
,,,,,,,,,,,,,,,,,,,,,,,,,
,,,,,,,,,,,,,,,,,,,,,,,,,
,,,,,,,,,,,,,,,,,,,,,,,,,
,,,,,,,,,,,,,,,,,,,,,,,,,
,,,,,,,,,,,,,,,,,,,,,,,,,
,,,,,,,,,,,,,,,,,,,,,,,,,
,,,,,,,,,,,,,,,,,,,,,,,,,
,,,,,,,,,,,,,,,,,,,,,,,,,
,,,,,,,,,,,,,,,,,,,,,,,,,
,,,,,,,,,,,,,,,,,,,,,,,,,
,,,,,,,,,,,,,,,,,,,,,,,,,
,,,,,,,,,,,,,,,,,,,,,,,,,
,,,,,,,,,,,,,,,,,,,,,,,,,
,,,,,,,,,,,,,,,,,,,,,,,,,
,,,,,,,,,,,,,,,,,,,,,,,,,
,,,,,,,,,,,,,,,,,,,,,,,,,
,,,,,,,,,,,,,,,,,,,,,,,,,
,,,,,,,,,,,,,,,,,,,,,,,,,
,,,,,,,,,,,,,,,,,,,,,,,,,
,,,,,,,,,,,,,,,,,,,,,,,,,
,,,,,,,,,,,,,,,,,,,,,,,,,
,,,,,,,,,,,,,,,,,,,,,,,,,
,,,,,,,,,,,,,,,,,,,,,,,,,
,,,,,,,,,,,,,,,,,,,,,,,,,
,,,,,,,,,,,,,,,,,,,,,,,,,
,,,,,,,,,,,,,,,,,,,,,,,,,
,,,,,,,,,,,,,,,,,,,,,,,,,
,,,,,,,,,,,,,,,,,,,,,,,,,
,,,,,,,,,,,,,,,,,,,,,,,,,
,,,,,,,,,,,,,,,,,,,,,,,,,
,,,,,,,,,,,,,,,,,,,,,,,,,
,,,,,,,,,,,,,,,,,,,,,,,,,
,,,,,,,,,,,,,,,,,,,,,,,,,
,,,,,,,,,,,,,,,,,,,,,,,,,
,,,,,,,,,,,,,,,,,,,,,,,,,
,,,,,,,,,,,,,,,,,,,,,,,,,
,,,,,,,,,,,,,,,,,,,,,,,,,
,,,,,,,,,,,,,,,,,,,,,,,,,
,,,,,,,,,,,,,,,,,,,,,,,,,
,,,,,,,,,,,,,,,,,,,,,,,,,
,,,,,,,,,,,,,,,,,,,,,,,,,
,,,,,,,,,,,,,,,,,,,,,,,,,
,,,,,,,,,,,,,,,,,,,,,,,,,
,,,,,,,,,,,,,,,,,,,,,,,,,
,,,,,,,,,,,,,,,,,,,,,,,,,
,,,,,,,,,,,,,,,,,,,,,,,,,
,,,,,,,,,,,,,,,,,,,,,,,,,
,,,,,,,,,,,,,,,,,,,,,,,,,
,,,,,,,,,,,,,,,,,,,,,,,,,
,,,,,,,,,,,,,,,,,,,,,,,,,
,,,,,,,,,,,,,,,,,,,,,,,,,
,,,,,,,,,,,,,,,,,,,,,,,,,
,,,,,,,,,,,,,,,,,,,,,,,,,
,,,,,,,,,,,,,,,,,,,,,,,,,
,,,,,,,,,,,,,,,,,,,,,,,,,
,,,,,,,,,,,,,,,,,,,,,,,,,
,,,,,,,,,,,,,,,,,,,,,,,,,
,,,,,,,,,,,,,,,,,,,,,,,,,
,,,,,,,,,,,,,,,,,,,,,,,,,
,,,,,,,,,,,,,,,,,,,,,,,,,
,,,,,,,,,,,,,,,,,,,,,,,,,
,,,,,,,,,,,,,,,,,,,,,,,,,
,,,,,,,,,,,,,,,,,,,,,,,,,
,,,,,,,,,,,,,,,,,,,,,,,,,
,,,,,,,,,,,,,,,,,,,,,,,,,
,,,,,,,,,,,,,,,,,,,,,,,,,
,,,,,,,,,,,,,,,,,,,,,,,,,
,,,,,,,,,,,,,,,,,,,,,,,,,
,,,,,,,,,,,,,,,,,,,,,,,,,
,,,,,,,,,,,,,,,,,,,,,,,,,
,,,,,,,,,,,,,,,,,,,,,,,,,
,,,,,,,,,,,,,,,,,,,,,,,,,
,,,,,,,,,,,,,,,,,,,,,,,,,
,,,,,,,,,,,,,,,,,,,,,,,,,
,,,,,,,,,,,,,,,,,,,,,,,,,
,,,,,,,,,,,,,,,,,,,,,,,,,
,,,,,,,,,,,,,,,,,,,,,,,,,
,,,,,,,,,,,,,,,,,,,,,,,,,
,,,,,,,,,,,,,,,,,,,,,,,,,
,,,,,,,,,,,,,,,,,,,,,,,,,
,,,,,,,,,,,,,,,,,,,,,,,,,
,,,,,,,,,,,,,,,,,,,,,,,,,
,,,,,,,,,,,,,,,,,,,,,,,,,
,,,,,,,,,,,,,,,,,,,,,,,,,
,,,,,,,,,,,,,,,,,,,,,,,,,
,,,,,,,,,,,,,,,,,,,,,,,,,
,,,,,,,,,,,,,,,,,,,,,,,,,
,,,,,,,,,,,,,,,,,,,,,,,,,
,,,,,,,,,,,,,,,,,,,,,,,,,
,,,,,,,,,,,,,,,,,,,,,,,,,
,,,,,,,,,,,,,,,,,,,,,,,,,
,,,,,,,,,,,,,,,,,,,,,,,,,
,,,,,,,,,,,,,,,,,,,,,,,,,
,,,,,,,,,,,,,,,,,,,,,,,,,
,,,,,,,,,,,,,,,,,,,,,,,,,
,,,,,,,,,,,,,,,,,,,,,,,,,
,,,,,,,,,,,,,,,,,,,,,,,,,
,,,,,,,,,,,,,,,,,,,,,,,,,
,,,,,,,,,,,,,,,,,,,,,,,,,
,,,,,,,,,,,,,,,,,,,,,,,,,
,,,,,,,,,,,,,,,,,,,,,,,,,
,,,,,,,,,,,,,,,,,,,,,,,,,
,,,,,,,,,,,,,,,,,,,,,,,,,
,,,,,,,,,,,,,,,,,,,,,,,,,
,,,,,,,,,,,,,,,,,,,,,,,,,
,,,,,,,,,,,,,,,,,,,,,,,,,
,,,,,,,,,,,,,,,,,,,,,,,,,
,,,,,,,,,,,,,,,,,,,,,,,,,
,,,,,,,,,,,,,,,,,,,,,,,,,
,,,,,,,,,,,,,,,,,,,,,,,,,
,,,,,,,,,,,,,,,,,,,,,,,,,
,,,,,,,,,,,,,,,,,,,,,,,,,
,,,,,,,,,,,,,,,,,,,,,,,,,
,,,,,,,,,,,,,,,,,,,,,,,,,
,,,,,,,,,,,,,,,,,,,,,,,,,
,,,,,,,,,,,,,,,,,,,,,,,,,
,,,,,,,,,,,,,,,,,,,,,,,,,
,,,,,,,,,,,,,,,,,,,,,,,,,
,,,,,,,,,,,,,,,,,,,,,,,,,
,,,,,,,,,,,,,,,,,,,,,,,,,
,,,,,,,,,,,,,,,,,,,,,,,,,
,,,,,,,,,,,,,,,,,,,,,,,,,
,,,,,,,,,,,,,,,,,,,,,,,,,
,,,,,,,,,,,,,,,,,,,,,,,,,
,,,,,,,,,,,,,,,,,,,,,,,,,
,,,,,,,,,,,,,,,,,,,,,,,,,
,,,,,,,,,,,,,,,,,,,,,,,,,
,,,,,,,,,,,,,,,,,,,,,,,,,
,,,,,,,,,,,,,,,,,,,,,,,,,
,,,,,,,,,,,,,,,,,,,,,,,,,
,,,,,,,,,,,,,,,,,,,,,,,,,
,,,,,,,,,,,,,,,,,,,,,,,,,
,,,,,,,,,,,,,,,,,,,,,,,,,
,,,,,,,,,,,,,,,,,,,,,,,,,
,,,,,,,,,,,,,,,,,,,,,,,,,
,,,,,,,,,,,,,,,,,,,,,,,,,
,,,,,,,,,,,,,,,,,,,,,,,,,
,,,,,,,,,,,,,,,,,,,,,,,,,
,,,,,,,,,,,,,,,,,,,,,,,,,
,,,,,,,,,,,,,,,,,,,,,,,,,
,,,,,,,,,,,,,,,,,,,,,,,,,
,,,,,,,,,,,,,,,,,,,,,,,,,
,,,,,,,,,,,,,,,,,,,,,,,,,
,,,,,,,,,,,,,,,,,,,,,,,,,
,,,,,,,,,,,,,,,,,,,,,,,,,
,,,,,,,,,,,,,,,,,,,,,,,,,
,,,,,,,,,,,,,,,,,,,,,,,,,
,,,,,,,,,,,,,,,,,,,,,,,,,
,,,,,,,,,,,,,,,,,,,,,,,,,
,,,,,,,,,,,,,,,,,,,,,,,,,
,,,,,,,,,,,,,,,,,,,,,,,,,
,,,,,,,,,,,,,,,,,,,,,,,,,
,,,,,,,,,,,,,,,,,,,,,,,,,
,,,,,,,,,,,,,,,,,,,,,,,,,
,,,,,,,,,,,,,,,,,,,,,,,,,
,,,,,,,,,,,,,,,,,,,,,,,,,
,,,,,,,,,,,,,,,,,,,,,,,,,
,,,,,,,,,,,,,,,,,,,,,,,,,
,,,,,,,,,,,,,,,,,,,,,,,,,
,,,,,,,,,,,,,,,,,,,,,,,,,
,,,,,,,,,,,,,,,,,,,,,,,,,
,,,,,,,,,,,,,,,,,,,,,,,,,
,,,,,,,,,,,,,,,,,,,,,,,,,
,,,,,,,,,,,,,,,,,,,,,,,,,
,,,,,,,,,,,,,,,,,,,,,,,,,
,,,,,,,,,,,,,,,,,,,,,,,,,
,,,,,,,,,,,,,,,,,,,,,,,,,
,,,,,,,,,,,,,,,,,,,,,,,,,
,,,,,,,,,,,,,,,,,,,,,,,,,
,,,,,,,,,,,,,,,,,,,,,,,,,
,,,,,,,,,,,,,,,,,,,,,,,,,
,,,,,,,,,,,,,,,,,,,,,,,,,
,,,,,,,,,,,,,,,,,,,,,,,,,
,,,,,,,,,,,,,,,,,,,,,,,,,
,,,,,,,,,,,,,,,,,,,,,,,,,
,,,,,,,,,,,,,,,,,,,,,,,,,
,,,,,,,,,,,,,,,,,,,,,,,,,
,,,,,,,,,,,,,,,,,,,,,,,,,
,,,,,,,,,,,,,,,,,,,,,,,,,
,,,,,,,,,,,,,,,,,,,,,,,,,
,,,,,,,,,,,,,,,,,,,,,,,,,
,,,,,,,,,,,,,,,,,,,,,,,,,
,,,,,,,,,,,,,,,,,,,,,,,,,
,,,,,,,,,,,,,,,,,,,,,,,,,
,,,,,,,,,,,,,,,,,,,,,,,,,
,,,,,,,,,,,,,,,,,,,,,,,,,
,,,,,,,,,,,,,,,,,,,,,,,,,
,,,,,,,,,,,,,,,,,,,,,,,,,
,,,,,,,,,,,,,,,,,,,,,,,,,
,,,,,,,,,,,,,,,,,,,,,,,,,
,,,,,,,,,,,,,,,,,,,,,,,,,
,,,,,,,,,,,,,,,,,,,,,,,,,
,,,,,,,,,,,,,,,,,,,,,,,,,
,,,,,,,,,,,,,,,,,,,,,,,,,
,,,,,,,,,,,,,,,,,,,,,,,,,
,,,,,,,,,,,,,,,,,,,,,,,,,
,,,,,,,,,,,,,,,,,,,,,,,,,
,,,,,,,,,,,,,,,,,,,,,,,,,
,,,,,,,,,,,,,,,,,,,,,,,,,
,,,,,,,,,,,,,,,,,,,,,,,,,
,,,,,,,,,,,,,,,,,,,,,,,,,
,,,,,,,,,,,,,,,,,,,,,,,,,
,,,,,,,,,,,,,,,,,,,,,,,,,
,,,,,,,,,,,,,,,,,,,,,,,,,
,,,,,,,,,,,,,,,,,,,,,,,,,
,,,,,,,,,,,,,,,,,,,,,,,,,
,,,,,,,,,,,,,,,,,,,,,,,,,
,,,,,,,,,,,,,,,,,,,,,,,,,
,,,,,,,,,,,,,,,,,,,,,,,,,
,,,,,,,,,,,,,,,,,,,,,,,,,
,,,,,,,,,,,,,,,,,,,,,,,,,
,,,,,,,,,,,,,,,,,,,,,,,,,
,,,,,,,,,,,,,,,,,,,,,,,,,
,,,,,,,,,,,,,,,,,,,,,,,,,
,,,,,,,,,,,,,,,,,,,,,,,,,
,,,,,,,,,,,,,,,,,,,,,,,,,
,,,,,,,,,,,,,,,,,,,,,,,,,
,,,,,,,,,,,,,,,,,,,,,,,,,
,,,,,,,,,,,,,,,,,,,,,,,,,
,,,,,,,,,,,,,,,,,,,,,,,,,
,,,,,,,,,,,,,,,,,,,,,,,,,
,,,,,,,,,,,,,,,,,,,,,,,,,
,,,,,,,,,,,,,,,,,,,,,,,,,
,,,,,,,,,,,,,,,,,,,,,,,,,
,,,,,,,,,,,,,,,,,,,,,,,,,
,,,,,,,,,,,,,,,,,,,,,,,,,
,,,,,,,,,,,,,,,,,,,,,,,,,
,,,,,,,,,,,,,,,,,,,,,,,,,
,,,,,,,,,,,,,,,,,,,,,,,,,
,,,,,,,,,,,,,,,,,,,,,,,,,
,,,,,,,,,,,,,,,,,,,,,,,,,
,,,,,,,,,,,,,,,,,,,,,,,,,
,,,,,,,,,,,,,,,,,,,,,,,,,
,,,,,,,,,,,,,,,,,,,,,,,,,
,,,,,,,,,,,,,,,,,,,,,,,,,
,,,,,,,,,,,,,,,,,,,,,,,,,
,,,,,,,,,,,,,,,,,,,,,,,,,
,,,,,,,,,,,,,,,,,,,,,,,,,
,,,,,,,,,,,,,,,,,,,,,,,,,
,,,,,,,,,,,,,,,,,,,,,,,,,
,,,,,,,,,,,,,,,,,,,,,,,,,
,,,,,,,,,,,,,,,,,,,,,,,,,
,,,,,,,,,,,,,,,,,,,,,,,,,
,,,,,,,,,,,,,,,,,,,,,,,,,
,,,,,,,,,,,,,,,,,,,,,,,,,
,,,,,,,,,,,,,,,,,,,,,,,,,
,,,,,,,,,,,,,,,,,,,,,,,,,
,,,,,,,,,,,,,,,,,,,,,,,,,
,,,,,,,,,,,,,,,,,,,,,,,,,
,,,,,,,,,,,,,,,,,,,,,,,,,
,,,,,,,,,,,,,,,,,,,,,,,,,
,,,,,,,,,,,,,,,,,,,,,,,,,
,,,,,,,,,,,,,,,,,,,,,,,,,
,,,,,,,,,,,,,,,,,,,,,,,,,
,,,,,,,,,,,,,,,,,,,,,,,,,
,,,,,,,,,,,,,,,,,,,,,,,,,
,,,,,,,,,,,,,,,,,,,,,,,,,
,,,,,,,,,,,,,,,,,,,,,,,,,
,,,,,,,,,,,,,,,,,,,,,,,,,
,,,,,,,,,,,,,,,,,,,,,,,,,
,,,,,,,,,,,,,,,,,,,,,,,,,
,,,,,,,,,,,,,,,,,,,,,,,,,
,,,,,,,,,,,,,,,,,,,,,,,,,
,,,,,,,,,,,,,,,,,,,,,,,,,
,,,,,,,,,,,,,,,,,,,,,,,,,
,,,,,,,,,,,,,,,,,,,,,,,,,
,,,,,,,,,,,,,,,,,,,,,,,,,
,,,,,,,,,,,,,,,,,,,,,,,,,
,,,,,,,,,,,,,,,,,,,,,,,,,
,,,,,,,,,,,,,,,,,,,,,,,,,
,,,,,,,,,,,,,,,,,,,,,,,,,
,,,,,,,,,,,,,,,,,,,,,,,,,
,,,,,,,,,,,,,,,,,,,,,,,,,
,,,,,,,,,,,,,,,,,,,,,,,,,
,,,,,,,,,,,,,,,,,,,,,,,,,
,,,,,,,,,,,,,,,,,,,,,,,,,
,,,,,,,,,,,,,,,,,,,,,,,,,
,,,,,,,,,,,,,,,,,,,,,,,,,
,,,,,,,,,,,,,,,,,,,,,,,,,
,,,,,,,,,,,,,,,,,,,,,,,,,
,,,,,,,,,,,,,,,,,,,,,,,,,
,,,,,,,,,,,,,,,,,,,,,,,,,
,,,,,,,,,,,,,,,,,,,,,,,,,
,,,,,,,,,,,,,,,,,,,,,,,,,
,,,,,,,,,,,,,,,,,,,,,,,,,
,,,,,,,,,,,,,,,,,,,,,,,,,
,,,,,,,,,,,,,,,,,,,,,,,,,
,,,,,,,,,,,,,,,,,,,,,,,,,
,,,,,,,,,,,,,,,,,,,,,,,,,
,,,,,,,,,,,,,,,,,,,,,,,,,
,,,,,,,,,,,,,,,,,,,,,,,,,
,,,,,,,,,,,,,,,,,,,,,,,,,
,,,,,,,,,,,,,,,,,,,,,,,,,
,,,,,,,,,,,,,,,,,,,,,,,,,
,,,,,,,,,,,,,,,,,,,,,,,,,
,,,,,,,,,,,,,,,,,,,,,,,,,
,,,,,,,,,,,,,,,,,,,,,,,,,
,,,,,,,,,,,,,,,,,,,,,,,,,
,,,,,,,,,,,,,,,,,,,,,,,,,
,,,,,,,,,,,,,,,,,,,,,,,,,
,,,,,,,,,,,,,,,,,,,,,,,,,
,,,,,,,,,,,,,,,,,,,,,,,,,
,,,,,,,,,,,,,,,,,,,,,,,,,
,,,,,,,,,,,,,,,,,,,,,,,,,
,,,,,,,,,,,,,,,,,,,,,,,,,
,,,,,,,,,,,,,,,,,,,,,,,,,
,,,,,,,,,,,,,,,,,,,,,,,,,
,,,,,,,,,,,,,,,,,,,,,,,,,
,,,,,,,,,,,,,,,,,,,,,,,,,
,,,,,,,,,,,,,,,,,,,,,,,,,
,,,,,,,,,,,,,,,,,,,,,,,,,
,,,,,,,,,,,,,,,,,,,,,,,,,
,,,,,,,,,,,,,,,,,,,,,,,,,
,,,,,,,,,,,,,,,,,,,,,,,,,
,,,,,,,,,,,,,,,,,,,,,,,,,
,,,,,,,,,,,,,,,,,,,,,,,,,
,,,,,,,,,,,,,,,,,,,,,,,,,
,,,,,,,,,,,,,,,,,,,,,,,,,
,,,,,,,,,,,,,,,,,,,,,,,,,
,,,,,,,,,,,,,,,,,,,,,,,,,
,,,,,,,,,,,,,,,,,,,,,,,,,
,,,,,,,,,,,,,,,,,,,,,,,,,
,,,,,,,,,,,,,,,,,,,,,,,,,
,,,,,,,,,,,,,,,,,,,,,,,,,
,,,,,,,,,,,,,,,,,,,,,,,,,
,,,,,,,,,,,,,,,,,,,,,,,,,
,,,,,,,,,,,,,,,,,,,,,,,,,
,,,,,,,,,,,,,,,,,,,,,,,,,
,,,,,,,,,,,,,,,,,,,,,,,,,
,,,,,,,,,,,,,,,,,,,,,,,,,
,,,,,,,,,,,,,,,,,,,,,,,,,
,,,,,,,,,,,,,,,,,,,,,,,,,
,,,,,,,,,,,,,,,,,,,,,,,,,
,,,,,,,,,,,,,,,,,,,,,,,,,
,,,,,,,,,,,,,,,,,,,,,,,,,
,,,,,,,,,,,,,,,,,,,,,,,,,
,,,,,,,,,,,,,,,,,,,,,,,,,
,,,,,,,,,,,,,,,,,,,,,,,,,
,,,,,,,,,,,,,,,,,,,,,,,,,
,,,,,,,,,,,,,,,,,,,,,,,,,
,,,,,,,,,,,,,,,,,,,,,,,,,
,,,,,,,,,,,,,,,,,,,,,,,,,
,,,,,,,,,,,,,,,,,,,,,,,,,
,,,,,,,,,,,,,,,,,,,,,,,,,
,,,,,,,,,,,,,,,,,,,,,,,,,
,,,,,,,,,,,,,,,,,,,,,,,,,
,,,,,,,,,,,,,,,,,,,,,,,,,
,,,,,,,,,,,,,,,,,,,,,,,,,
,,,,,,,,,,,,,,,,,,,,,,,,,
,,,,,,,,,,,,,,,,,,,,,,,,,
,,,,,,,,,,,,,,,,,,,,,,,,,
,,,,,,,,,,,,,,,,,,,,,,,,,
,,,,,,,,,,,,,,,,,,,,,,,,,
,,,,,,,,,,,,,,,,,,,,,,,,,
,,,,,,,,,,,,,,,,,,,,,,,,,
,,,,,,,,,,,,,,,,,,,,,,,,,
,,,,,,,,,,,,,,,,,,,,,,,,,
,,,,,,,,,,,,,,,,,,,,,,,,,
,,,,,,,,,,,,,,,,,,,,,,,,,
,,,,,,,,,,,,,,,,,,,,,,,,,
,,,,,,,,,,,,,,,,,,,,,,,,,
,,,,,,,,,,,,,,,,,,,,,,,,,
,,,,,,,,,,,,,,,,,,,,,,,,,
,,,,,,,,,,,,,,,,,,,,,,,,,
,,,,,,,,,,,,,,,,,,,,,,,,,
,,,,,,,,,,,,,,,,,,,,,,,,,
,,,,,,,,,,,,,,,,,,,,,,,,,
,,,,,,,,,,,,,,,,,,,,,,,,,
,,,,,,,,,,,,,,,,,,,,,,,,,
,,,,,,,,,,,,,,,,,,,,,,,,,
,,,,,,,,,,,,,,,,,,,,,,,,,
,,,,,,,,,,,,,,,,,,,,,,,,,
,,,,,,,,,,,,,,,,,,,,,,,,,
,,,,,,,,,,,,,,,,,,,,,,,,,
,,,,,,,,,,,,,,,,,,,,,,,,,
,,,,,,,,,,,,,,,,,,,,,,,,,
,,,,,,,,,,,,,,,,,,,,,,,,,
,,,,,,,,,,,,,,,,,,,,,,,,,
,,,,,,,,,,,,,,,,,,,,,,,,,
,,,,,,,,,,,,,,,,,,,,,,,,,
,,,,,,,,,,,,,,,,,,,,,,,,,
,,,,,,,,,,,,,,,,,,,,,,,,,
,,,,,,,,,,,,,,,,,,,,,,,,,
,,,,,,,,,,,,,,,,,,,,,,,,,
,,,,,,,,,,,,,,,,,,,,,,,,,
,,,,,,,,,,,,,,,,,,,,,,,,,
,,,,,,,,,,,,,,,,,,,,,,,,,
,,,,,,,,,,,,,,,,,,,,,,,,,
,,,,,,,,,,,,,,,,,,,,,,,,,
,,,,,,,,,,,,,,,,,,,,,,,,,
,,,,,,,,,,,,,,,,,,,,,,,,,
,,,,,,,,,,,,,,,,,,,,,,,,,
,,,,,,,,,,,,,,,,,,,,,,,,,
,,,,,,,,,,,,,,,,,,,,,,,,,
,,,,,,,,,,,,,,,,,,,,,,,,,
,,,,,,,,,,,,,,,,,,,,,,,,,
,,,,,,,,,,,,,,,,,,,,,,,,,
,,,,,,,,,,,,,,,,,,,,,,,,,
,,,,,,,,,,,,,,,,,,,,,,,,,
,,,,,,,,,,,,,,,,,,,,,,,,,
,,,,,,,,,,,,,,,,,,,,,,,,,
,,,,,,,,,,,,,,,,,,,,,,,,,
,,,,,,,,,,,,,,,,,,,,,,,,,
,,,,,,,,,,,,,,,,,,,,,,,,,
,,,,,,,,,,,,,,,,,,,,,,,,,
,,,,,,,,,,,,,,,,,,,,,,,,,
,,,,,,,,,,,,,,,,,,,,,,,,,
,,,,,,,,,,,,,,,,,,,,,,,,,
,,,,,,,,,,,,,,,,,,,,,,,,,
,,,,,,,,,,,,,,,,,,,,,,,,,
,,,,,,,,,,,,,,,,,,,,,,,,,
,,,,,,,,,,,,,,,,,,,,,,,,,
,,,,,,,,,,,,,,,,,,,,,,,,,
,,,,,,,,,,,,,,,,,,,,,,,,,
,,,,,,,,,,,,,,,,,,,,,,,,,
,,,,,,,,,,,,,,,,,,,,,,,,,
,,,,,,,,,,,,,,,,,,,,,,,,,
,,,,,,,,,,,,,,,,,,,,,,,,,
,,,,,,,,,,,,,,,,,,,,,,,,,
,,,,,,,,,,,,,,,,,,,,,,,,,
,,,,,,,,,,,,,,,,,,,,,,,,,
,,,,,,,,,,,,,,,,,,,,,,,,,
,,,,,,,,,,,,,,,,,,,,,,,,,
,,,,,,,,,,,,,,,,,,,,,,,,,
,,,,,,,,,,,,,,,,,,,,,,,,,
,,,,,,,,,,,,,,,,,,,,,,,,,
,,,,,,,,,,,,,,,,,,,,,,,,,
,,,,,,,,,,,,,,,,,,,,,,,,,
,,,,,,,,,,,,,,,,,,,,,,,,,
,,,,,,,,,,,,,,,,,,,,,,,,,
,,,,,,,,,,,,,,,,,,,,,,,,,
,,,,,,,,,,,,,,,,,,,,,,,,,
,,,,,,,,,,,,,,,,,,,,,,,,,
,,,,,,,,,,,,,,,,,,,,,,,,,
,,,,,,,,,,,,,,,,,,,,,,,,,
,,,,,,,,,,,,,,,,,,,,,,,,,
,,,,,,,,,,,,,,,,,,,,,,,,,
,,,,,,,,,,,,,,,,,,,,,,,,,
,,,,,,,,,,,,,,,,,,,,,,,,,
,,,,,,,,,,,,,,,,,,,,,,,,,
,,,,,,,,,,,,,,,,,,,,,,,,,
,,,,,,,,,,,,,,,,,,,,,,,,,
,,,,,,,,,,,,,,,,,,,,,,,,,
,,,,,,,,,,,,,,,,,,,,,,,,,
,,,,,,,,,,,,,,,,,,,,,,,,,
,,,,,,,,,,,,,,,,,,,,,,,,,
,,,,,,,,,,,,,,,,,,,,,,,,,
,,,,,,,,,,,,,,,,,,,,,,,,,
,,,,,,,,,,,,,,,,,,,,,,,,,
,,,,,,,,,,,,,,,,,,,,,,,,,
,,,,,,,,,,,,,,,,,,,,,,,,,
,,,,,,,,,,,,,,,,,,,,,,,,,
,,,,,,,,,,,,,,,,,,,,,,,,,
,,,,,,,,,,,,,,,,,,,,,,,,,
,,,,,,,,,,,,,,,,,,,,,,,,,
,,,,,,,,,,,,,,,,,,,,,,,,,
,,,,,,,,,,,,,,,,,,,,,,,,,
,,,,,,,,,,,,,,,,,,,,,,,,,
,,,,,,,,,,,,,,,,,,,,,,,,,
,,,,,,,,,,,,,,,,,,,,,,,,,
,,,,,,,,,,,,,,,,,,,,,,,,,
,,,,,,,,,,,,,,,,,,,,,,,,,
,,,,,,,,,,,,,,,,,,,,,,,,,
,,,,,,,,,,,,,,,,,,,,,,,,,
,,,,,,,,,,,,,,,,,,,,,,,,,
,,,,,,,,,,,,,,,,,,,,,,,,,
,,,,,,,,,,,,,,,,,,,,,,,,,
,,,,,,,,,,,,,,,,,,,,,,,,,
,,,,,,,,,,,,,,,,,,,,,,,,,
,,,,,,,,,,,,,,,,,,,,,,,,,
,,,,,,,,,,,,,,,,,,,,,,,,,
,,,,,,,,,,,,,,,,,,,,,,,,,
,,,,,,,,,,,,,,,,,,,,,,,,,
,,,,,,,,,,,,,,,,,,,,,,,,,
,,,,,,,,,,,,,,,,,,,,,,,,,
,,,,,,,,,,,,,,,,,,,,,,,,,
,,,,,,,,,,,,,,,,,,,,,,,,,
,,,,,,,,,,,,,,,,,,,,,,,,,
,,,,,,,,,,,,,,,,,,,,,,,,,
,,,,,,,,,,,,,,,,,,,,,,,,,
,,,,,,,,,,,,,,,,,,,,,,,,,
,,,,,,,,,,,,,,,,,,,,,,,,,
,,,,,,,,,,,,,,,,,,,,,,,,,
,,,,,,,,,,,,,,,,,,,,,,,,,
,,,,,,,,,,,,,,,,,,,,,,,,,
,,,,,,,,,,,,,,,,,,,,,,,,,
,,,,,,,,,,,,,,,,,,,,,,,,,
,,,,,,,,,,,,,,,,,,,,,,,,,
,,,,,,,,,,,,,,,,,,,,,,,,,
,,,,,,,,,,,,,,,,,,,,,,,,,
,,,,,,,,,,,,,,,,,,,,,,,,,
,,,,,,,,,,,,,,,,,,,,,,,,,
,,,,,,,,,,,,,,,,,,,,,,,,,
,,,,,,,,,,,,,,,,,,,,,,,,,
,,,,,,,,,,,,,,,,,,,,,,,,,
,,,,,,,,,,,,,,,,,,,,,,,,,
,,,,,,,,,,,,,,,,,,,,,,,,,
,,,,,,,,,,,,,,,,,,,,,,,,,
,,,,,,,,,,,,,,,,,,,,,,,,,
,,,,,,,,,,,,,,,,,,,,,,,,,
,,,,,,,,,,,,,,,,,,,,,,,,,
,,,,,,,,,,,,,,,,,,,,,,,,,
,,,,,,,,,,,,,,,,,,,,,,,,,
,,,,,,,,,,,,,,,,,,,,,,,,,
,,,,,,,,,,,,,,,,,,,,,,,,,
,,,,,,,,,,,,,,,,,,,,,,,,,
,,,,,,,,,,,,,,,,,,,,,,,,,
,,,,,,,,,,,,,,,,,,,,,,,,,
,,,,,,,,,,,,,,,,,,,,,,,,,
,,,,,,,,,,,,,,,,,,,,,,,,,
,,,,,,,,,,,,,,,,,,,,,,,,,
,,,,,,,,,,,,,,,,,,,,,,,,,
,,,,,,,,,,,,,,,,,,,,,,,,,
,,,,,,,,,,,,,,,,,,,,,,,,,
,,,,,,,,,,,,,,,,,,,,,,,,,
,,,,,,,,,,,,,,,,,,,,,,,,,
,,,,,,,,,,,,,,,,,,,,,,,,,
,,,,,,,,,,,,,,,,,,,,,,,,,
,,,,,,,,,,,,,,,,,,,,,,,,,
,,,,,,,,,,,,,,,,,,,,,,,,,
,,,,,,,,,,,,,,,,,,,,,,,,,
,,,,,,,,,,,,,,,,,,,,,,,,,
,,,,,,,,,,,,,,,,,,,,,,,,,
,,,,,,,,,,,,,,,,,,,,,,,,,
,,,,,,,,,,,,,,,,,,,,,,,,,
,,,,,,,,,,,,,,,,,,,,,,,,,
,,,,,,,,,,,,,,,,,,,,,,,,,
,,,,,,,,,,,,,,,,,,,,,,,,,
,,,,,,,,,,,,,,,,,,,,,,,,,
,,,,,,,,,,,,,,,,,,,,,,,,,
,,,,,,,,,,,,,,,,,,,,,,,,,
,,,,,,,,,,,,,,,,,,,,,,,,,
,,,,,,,,,,,,,,,,,,,,,,,,,
,,,,,,,,,,,,,,,,,,,,,,,,,
,,,,,,,,,,,,,,,,,,,,,,,,,
,,,,,,,,,,,,,,,,,,,,,,,,,
,,,,,,,,,,,,,,,,,,,,,,,,,
,,,,,,,,,,,,,,,,,,,,,,,,,
,,,,,,,,,,,,,,,,,,,,,,,,,
,,,,,,,,,,,,,,,,,,,,,,,,,
,,,,,,,,,,,,,,,,,,,,,,,,,
,,,,,,,,,,,,,,,,,,,,,,,,,
,,,,,,,,,,,,,,,,,,,,,,,,,
,,,,,,,,,,,,,,,,,,,,,,,,,
,,,,,,,,,,,,,,,,,,,,,,,,,
,,,,,,,,,,,,,,,,,,,,,,,,,
,,,,,,,,,,,,,,,,,,,,,,,,,
,,,,,,,,,,,,,,,,,,,,,,,,,
,,,,,,,,,,,,,,,,,,,,,,,,,
,,,,,,,,,,,,,,,,,,,,,,,,,
,,,,,,,,,,,,,,,,,,,,,,,,,
,,,,,,,,,,,,,,,,,,,,,,,,,
,,,,,,,,,,,,,,,,,,,,,,,,,
,,,,,,,,,,,,,,,,,,,,,,,,,
,,,,,,,,,,,,,,,,,,,,,,,,,
,,,,,,,,,,,,,,,,,,,,,,,,,
,,,,,,,,,,,,,,,,,,,,,,,,,
,,,,,,,,,,,,,,,,,,,,,,,,,
,,,,,,,,,,,,,,,,,,,,,,,,,
,,,,,,,,,,,,,,,,,,,,,,,,,
,,,,,,,,,,,,,,,,,,,,,,,,,
,,,,,,,,,,,,,,,,,,,,,,,,,
,,,,,,,,,,,,,,,,,,,,,,,,,
,,,,,,,,,,,,,,,,,,,,,,,,,
,,,,,,,,,,,,,,,,,,,,,,,,,
,,,,,,,,,,,,,,,,,,,,,,,,,
,,,,,,,,,,,,,,,,,,,,,,,,,
,,,,,,,,,,,,,,,,,,,,,,,,,
,,,,,,,,,,,,,,,,,,,,,,,,,
,,,,,,,,,,,,,,,,,,,,,,,,,
,,,,,,,,,,,,,,,,,,,,,,,,,
,,,,,,,,,,,,,,,,,,,,,,,,,
,,,,,,,,,,,,,,,,,,,,,,,,,
,,,,,,,,,,,,,,,,,,,,,,,,,
,,,,,,,,,,,,,,,,,,,,,,,,,
,,,,,,,,,,,,,,,,,,,,,,,,,
,,,,,,,,,,,,,,,,,,,,,,,,,
,,,,,,,,,,,,,,,,,,,,,,,,,
,,,,,,,,,,,,,,,,,,,,,,,,,
,,,,,,,,,,,,,,,,,,,,,,,,,
,,,,,,,,,,,,,,,,,,,,,,,,,
,,,,,,,,,,,,,,,,,,,,,,,,,
,,,,,,,,,,,,,,,,,,,,,,,,,
,,,,,,,,,,,,,,,,,,,,,,,,,
,,,,,,,,,,,,,,,,,,,,,,,,,
,,,,,,,,,,,,,,,,,,,,,,,,,
,,,,,,,,,,,,,,,,,,,,,,,,,
,,,,,,,,,,,,,,,,,,,,,,,,,
,,,,,,,,,,,,,,,,,,,,,,,,,
,,,,,,,,,,,,,,,,,,,,,,,,,
,,,,,,,,,,,,,,,,,,,,,,,,,
,,,,,,,,,,,,,,,,,,,,,,,,,
,,,,,,,,,,,,,,,,,,,,,,,,,
,,,,,,,,,,,,,,,,,,,,,,,,,
,,,,,,,,,,,,,,,,,,,,,,,,,
,,,,,,,,,,,,,,,,,,,,,,,,,
,,,,,,,,,,,,,,,,,,,,,,,,,
,,,,,,,,,,,,,,,,,,,,,,,,,
,,,,,,,,,,,,,,,,,,,,,,,,,
,,,,,,,,,,,,,,,,,,,,,,,,,
,,,,,,,,,,,,,,,,,,,,,,,,,
,,,,,,,,,,,,,,,,,,,,,,,,,
,,,,,,,,,,,,,,,,,,,,,,,,,
,,,,,,,,,,,,,,,,,,,,,,,,,
,,,,,,,,,,,,,,,,,,,,,,,,,
,,,,,,,,,,,,,,,,,,,,,,,,,
,,,,,,,,,,,,,,,,,,,,,,,,,
,,,,,,,,,,,,,,,,,,,,,,,,,
,,,,,,,,,,,,,,,,,,,,,,,,,
,,,,,,,,,,,,,,,,,,,,,,,,,
,,,,,,,,,,,,,,,,,,,,,,,,,
,,,,,,,,,,,,,,,,,,,,,,,,,
,,,,,,,,,,,,,,,,,,,,,,,,,
,,,,,,,,,,,,,,,,,,,,,,,,,
,,,,,,,,,,,,,,,,,,,,,,,,,
,,,,,,,,,,,,,,,,,,,,,,,,,
,,,,,,,,,,,,,,,,,,,,,,,,,
,,,,,,,,,,,,,,,,,,,,,,,,,
,,,,,,,,,,,,,,,,,,,,,,,,,
,,,,,,,,,,,,,,,,,,,,,,,,,
,,,,,,,,,,,,,,,,,,,,,,,,,
,,,,,,,,,,,,,,,,,,,,,,,,,
,,,,,,,,,,,,,,,,,,,,,,,,,
,,,,,,,,,,,,,,,,,,,,,,,,,
,,,,,,,,,,,,,,,,,,,,,,,,,
,,,,,,,,,,,,,,,,,,,,,,,,,
,,,,,,,,,,,,,,,,,,,,,,,,,
,,,,,,,,,,,,,,,,,,,,,,,,,
,,,,,,,,,,,,,,,,,,,,,,,,,
,,,,,,,,,,,,,,,,,,,,,,,,,
,,,,,,,,,,,,,,,,,,,,,,,,,
,,,,,,,,,,,,,,,,,,,,,,,,,
,,,,,,,,,,,,,,,,,,,,,,,,,
,,,,,,,,,,,,,,,,,,,,,,,,,
,,,,,,,,,,,,,,,,,,,,,,,,,
,,,,,,,,,,,,,,,,,,,,,,,,,
,,,,,,,,,,,,,,,,,,,,,,,,,
,,,,,,,,,,,,,,,,,,,,,,,,,
,,,,,,,,,,,,,,,,,,,,,,,,,
,,,,,,,,,,,,,,,,,,,,,,,,,
,,,,,,,,,,,,,,,,,,,,,,,,,
,,,,,,,,,,,,,,,,,,,,,,,,,
,,,,,,,,,,,,,,,,,,,,,,,,,
,,,,,,,,,,,,,,,,,,,,,,,,,
,,,,,,,,,,,,,,,,,,,,,,,,,
,,,,,,,,,,,,,,,,,,,,,,,,,
,,,,,,,,,,,,,,,,,,,,,,,,,
,,,,,,,,,,,,,,,,,,,,,,,,,
,,,,,,,,,,,,,,,,,,,,,,,,,
,,,,,,,,,,,,,,,,,,,,,,,,,
,,,,,,,,,,,,,,,,,,,,,,,,,
,,,,,,,,,,,,,,,,,,,,,,,,,
,,,,,,,,,,,,,,,,,,,,,,,,,
,,,,,,,,,,,,,,,,,,,,,,,,,
,,,,,,,,,,,,,,,,,,,,,,,,,
,,,,,,,,,,,,,,,,,,,,,,,,,
,,,,,,,,,,,,,,,,,,,,,,,,,
,,,,,,,,,,,,,,,,,,,,,,,,,
,,,,,,,,,,,,,,,,,,,,,,,,,
,,,,,,,,,,,,,,,,,,,,,,,,,
,,,,,,,,,,,,,,,,,,,,,,,,,
,,,,,,,,,,,,,,,,,,,,,,,,,
,,,,,,,,,,,,,,,,,,,,,,,,,
,,,,,,,,,,,,,,,,,,,,,,,,,
,,,,,,,,,,,,,,,,,,,,,,,,,
,,,,,,,,,,,,,,,,,,,,,,,,,
,,,,,,,,,,,,,,,,,,,,,,,,,
,,,,,,,,,,,,,,,,,,,,,,,,,
,,,,,,,,,,,,,,,,,,,,,,,,,
,,,,,,,,,,,,,,,,,,,,,,,,,
,,,,,,,,,,,,,,,,,,,,,,,,,
,,,,,,,,,,,,,,,,,,,,,,,,,
,,,,,,,,,,,,,,,,,,,,,,,,,
,,,,,,,,,,,,,,,,,,,,,,,,,
,,,,,,,,,,,,,,,,,,,,,,,,,
,,,,,,,,,,,,,,,,,,,,,,,,,
,,,,,,,,,,,,,,,,,,,,,,,,,
,,,,,,,,,,,,,,,,,,,,,,,,,
,,,,,,,,,,,,,,,,,,,,,,,,,
,,,,,,,,,,,,,,,,,,,,,,,,,
,,,,,,,,,,,,,,,,,,,,,,,,,
,,,,,,,,,,,,,,,,,,,,,,,,,
,,,,,,,,,,,,,,,,,,,,,,,,,
,,,,,,,,,,,,,,,,,,,,,,,,,
,,,,,,,,,,,,,,,,,,,,,,,,,
,,,,,,,,,,,,,,,,,,,,,,,,,
,,,,,,,,,,,,,,,,,,,,,,,,,
,,,,,,,,,,,,,,,,,,,,,,,,,
,,,,,,,,,,,,,,,,,,,,,,,,,
,,,,,,,,,,,,,,,,,,,,,,,,,
,,,,,,,,,,,,,,,,,,,,,,,,,
,,,,,,,,,,,,,,,,,,,,,,,,,
,,,,,,,,,,,,,,,,,,,,,,,,,
,,,,,,,,,,,,,,,,,,,,,,,,,
,,,,,,,,,,,,,,,,,,,,,,,,,
,,,,,,,,,,,,,,,,,,,,,,,,,
,,,,,,,,,,,,,,,,,,,,,,,,,
,,,,,,,,,,,,,,,,,,,,,,,,,
,,,,,,,,,,,,,,,,,,,,,,,,,
,,,,,,,,,,,,,,,,,,,,,,,,,
,,,,,,,,,,,,,,,,,,,,,,,,,
,,,,,,,,,,,,,,,,,,,,,,,,,
,,,,,,,,,,,,,,,,,,,,,,,,,
,,,,,,,,,,,,,,,,,,,,,,,,,
,,,,,,,,,,,,,,,,,,,,,,,,,
,,,,,,,,,,,,,,,,,,,,,,,,,
,,,,,,,,,,,,,,,,,,,,,,,,,
,,,,,,,,,,,,,,,,,,,,,,,,,
,,,,,,,,,,,,,,,,,,,,,,,,,
,,,,,,,,,,,,,,,,,,,,,,,,,
,,,,,,,,,,,,,,,,,,,,,,,,,
,,,,,,,,,,,,,,,,,,,,,,,,,
,,,,,,,,,,,,,,,,,,,,,,,,,
,,,,,,,,,,,,,,,,,,,,,,,,,
,,,,,,,,,,,,,,,,,,,,,,,,,
,,,,,,,,,,,,,,,,,,,,,,,,,
,,,,,,,,,,,,,,,,,,,,,,,,,
,,,,,,,,,,,,,,,,,,,,,,,,,
,,,,,,,,,,,,,,,,,,,,,,,,,
,,,,,,,,,,,,,,,,,,,,,,,,,
,,,,,,,,,,,,,,,,,,,,,,,,,
,,,,,,,,,,,,,,,,,,,,,,,,,
,,,,,,,,,,,,,,,,,,,,,,,,,
,,,,,,,,,,,,,,,,,,,,,,,,,
,,,,,,,,,,,,,,,,,,,,,,,,,
,,,,,,,,,,,,,,,,,,,,,,,,,
,,,,,,,,,,,,,,,,,,,,,,,,,
,,,,,,,,,,,,,,,,,,,,,,,,,
,,,,,,,,,,,,,,,,,,,,,,,,,
,,,,,,,,,,,,,,,,,,,,,,,,,
,,,,,,,,,,,,,,,,,,,,,,,,,
,,,,,,,,,,,,,,,,,,,,,,,,,
,,,,,,,,,,,,,,,,,,,,,,,,,
,,,,,,,,,,,,,,,,,,,,,,,,,
,,,,,,,,,,,,,,,,,,,,,,,,,
,,,,,,,,,,,,,,,,,,,,,,,,,
,,,,,,,,,,,,,,,,,,,,,,,,,
,,,,,,,,,,,,,,,,,,,,,,,,,
,,,,,,,,,,,,,,,,,,,,,,,,,
,,,,,,,,,,,,,,,,,,,,,,,,,
,,,,,,,,,,,,,,,,,,,,,,,,,
,,,,,,,,,,,,,,,,,,,,,,,,,
,,,,,,,,,,,,,,,,,,,,,,,,,
,,,,,,,,,,,,,,,,,,,,,,,,,
,,,,,,,,,,,,,,,,,,,,,,,,,
,,,,,,,,,,,,,,,,,,,,,,,,,
,,,,,,,,,,,,,,,,,,,,,,,,,
,,,,,,,,,,,,,,,,,,,,,,,,,
,,,,,,,,,,,,,,,,,,,,,,,,,
,,,,,,,,,,,,,,,,,,,,,,,,,
,,,,,,,,,,,,,,,,,,,,,,,,,
,,,,,,,,,,,,,,,,,,,,,,,,,
,,,,,,,,,,,,,,,,,,,,,,,,,
,,,,,,,,,,,,,,,,,,,,,,,,,
,,,,,,,,,,,,,,,,,,,,,,,,,
,,,,,,,,,,,,,,,,,,,,,,,,,
,,,,,,,,,,,,,,,,,,,,,,,,,
,,,,,,,,,,,,,,,,,,,,,,,,,
,,,,,,,,,,,,,,,,,,,,,,,,,
,,,,,,,,,,,,,,,,,,,,,,,,,
,,,,,,,,,,,,,,,,,,,,,,,,,
,,,,,,,,,,,,,,,,,,,,,,,,,
,,,,,,,,,,,,,,,,,,,,,,,,,
,,,,,,,,,,,,,,,,,,,,,,,,,
,,,,,,,,,,,,,,,,,,,,,,,,,
,,,,,,,,,,,,,,,,,,,,,,,,,
,,,,,,,,,,,,,,,,,,,,,,,,,
,,,,,,,,,,,,,,,,,,,,,,,,,
,,,,,,,,,,,,,,,,,,,,,,,,,
,,,,,,,,,,,,,,,,,,,,,,,,,
,,,,,,,,,,,,,,,,,,,,,,,,,
,,,,,,,,,,,,,,,,,,,,,,,,,
,,,,,,,,,,,,,,,,,,,,,,,,,
,,,,,,,,,,,,,,,,,,,,,,,,,
,,,,,,,,,,,,,,,,,,,,,,,,,
,,,,,,,,,,,,,,,,,,,,,,,,,
,,,,,,,,,,,,,,,,,,,,,,,,,
,,,,,,,,,,,,,,,,,,,,,,,,,
,,,,,,,,,,,,,,,,,,,,,,,,,
,,,,,,,,,,,,,,,,,,,,,,,,,
,,,,,,,,,,,,,,,,,,,,,,,,,
,,,,,,,,,,,,,,,,,,,,,,,,,
,,,,,,,,,,,,,,,,,,,,,,,,,
